Keyword,Volume,Topic,Pillar,Page,Page role,Page intent,Keyword intent,Intent source
ransomware,27100,Threat Management,Ransomware Awareness,Understanding Ransomware Attacks,Pillar page,Informational,Informational,text
edr,18100,Cybersecurity Services,EDR Security Solutions,Understanding EDR Products,Pillar page,Commercial,Commercial,text
ai in cybersecurity,18100,Cybersecurity Practices,Cybersecurity Innovations,AI Applications in Cybersecurity,Pillar page,Mixed,Informational,text
vulnerability assessment,18100,Threat Management,Vulnerability Management,Vulnerability Assessment Solutions,Pillar page,Commercial,Transactional,text
cloud security,14800,Cybersecurity Practices,Cloud Security Solutions,Top Cloud Security Solutions,Pillar page,Commercial,Commercial,text
dlp,12100,Cybersecurity Practices,Data Loss Prevention,Understanding DLP Concepts,Supporting,Mixed,Commercial,text
cybersecurity services,12100,Cybersecurity Services,Managed Security Solutions,Comprehensive Cybersecurity Services,Supporting,Commercial,Transactional,text
cve database,1900,Threat Management,CVE Vulnerability Insights,Understanding CVE Vulnerabilities,Supporting,Informational,Informational,text
data exploits,1300,Threat Management,Exploit Resources,Understanding Data Exploits,Supporting,Informational,Informational,text
vulnerabilities meaning,1000,Threat Management,Vulnerability Management,Understanding Vulnerabilities Defined,Supporting,Informational,Informational,text
vulnerability management software,1000,Threat Management,Vulnerability Management,Vulnerability Management Overview,Supporting,Commercial,Transactional,text
dark web,135000,Threat Management,Dark Web Insights,Comprehensive Dark Web Guide,Pillar page,Informational,Informational,text
iam,33100,Security Management,Identity Access Management,IAM Solutions Overview,Pillar page,Commercial,Commercial,text
siem,27100,Cybersecurity Services,SIEM Overview,Understanding SIEM Meaning,Pillar page,Informational,Commercial,text
sdlc,27100,Miscellaneous,Software Development Life Cycle,Understanding SDLC Meaning,Supporting,Informational,Informational,text
cve,22200,Threat Management,CVE Vulnerability Insights,What Is a CVE?,Pillar page,Informational,Informational,text
pci compliance,22200,Compliance and Governance,PCI Compliance Solutions,PCI Compliance Solutions Overview,Pillar page,Transactional,Transactional,text
waf,14800,Cybersecurity Practices,WAF Security Solutions,Understanding Web Application Firewalls,Pillar page,Informational,Commercial,text
what is a botnet,14800,Threat Management,Botnet Overview,Understanding Botnets Explained,Pillar page,Informational,Informational,text
social engineering meaning,14800,Threat Management,Social Engineering Overview,Understanding Social Engineering Concepts,Pillar page,Informational,Informational,text
spear phishing,14800,Threat Management,Spear Phishing Overview,Understanding Spear Phishing Attacks,Pillar page,Informational,Informational,text
pen testing,12100,Threat Management,Penetration Testing Overview,Understanding Pen Testing Basics,Supporting,Mixed,Transactional,text
what is a man in the middle attack,12100,Threat Management,Man-in-the-Middle Attacks,Understanding Man In The Middle Attacks,Pillar page,Informational,Informational,text
web application firewall,9900,Cybersecurity Practices,Application Security Solutions,Understanding Web Application Firewalls,Pillar page,Commercial,Commercial,text
data loss prevention,8100,Cybersecurity Practices,Data Loss Prevention,Data Loss Prevention Explained,Pillar page,Informational,Commercial,text
common vulnerabilities and exposures,6600,Threat Management,CVE Vulnerability Insights,Overview of Common Vulnerabilities and Exposures,Supporting,Informational,Informational,text
managed security services,6600,Cybersecurity Services,Managed Security Solutions,Top Managed Security Services,Supporting,Commercial,Transactional,text
mitre attack framework,5400,Threat Management,MITRE ATT&CK Framework,Understanding MITRE ATT&CK Framework,Pillar page,Informational,Informational,text
application security,5400,Cybersecurity Practices,Application Security Solutions,Comprehensive Application Security Solutions,Supporting,Commercial,Commercial,text
cyber threat intelligence,4400,Threat Management,Threat Intelligence Solutions,Understanding Cyber Threat Intelligence,Supporting,Mixed,Informational,text
pci dss compliance,4400,Compliance and Governance,PCI Compliance Solutions,Understanding PCI DSS Compliance,Supporting,Mixed,Transactional,text
identity access management,3600,Security Management,Identity Access Management,Comprehensive IAM Tools Guide,Supporting,Commercial,Commercial,text
mitm,3600,Threat Management,Man-in-the-Middle Attacks,Introduction To MITM Attacks,Supporting,Informational,Informational,text
security information and event management,3600,Cybersecurity Services,SIEM Overview,Overview of Security Information Management,Supporting,Informational,Commercial,text
what is siem,3600,Cybersecurity Services,SIEM Overview,What Is SIEM Technology?,Supporting,Informational,Informational,text
network segmentation,3600,Security Management,Network Segmentation Guide,Understanding Network Segmentation,Pillar page,Informational,Informational,text
cybersecurity risk assessment,3600,Risk Management,Cybersecurity Risk Management,Top Cybersecurity Risk Assessment Tools,Supporting,Commercial,Transactional,text
secure access service edge,2900,Cybersecurity Practices,Secure Access Service Edge,Understanding Secure Access Service Edge,Pillar page,Commercial,Commercial,text
vulnerability scanning,2900,Threat Management,Vulnerability Management,Vulnerability Scanning Tools Explained,Supporting,Commercial,Transactional,text
what is data security,2400,Cybersecurity Practices,Data Security Overview,Understanding Data Security Basics,Supporting,Informational,Informational,text
what is edr,2400,Cybersecurity Services,EDR Security Solutions,Understanding EDR Products,Pillar page,Commercial,Informational,text
what is mdr,2400,Cybersecurity Services,MDR Cybersecurity Solutions,Understanding MDR Concepts,Supporting,Informational,Informational,text
cyber risk management,2400,Risk Management,Cybersecurity Risk Management,Understanding Cyber Risk Management,Pillar page,Informational,Informational,text
vulnerability scanning tools,2400,Threat Management,Vulnerability Management,Vulnerability Scanning Tools Explained,Supporting,Commercial,Informational,text
kubernetes security,1900,Cybersecurity Practices,Kubernetes Security Solutions,Kubernetes Security Solutions Overview,Pillar page,Mixed,Informational,text
attack surface,1900,Security Management,Attack Surface Management,Comprehensive Attack Surface Analysis,Supporting,Mixed,Informational,text
edr solutions,1900,Cybersecurity Services,EDR Security Solutions,Top EDR Security Solutions,Supporting,Commercial,Commercial,text
cyber risk,1900,Risk Management,Cybersecurity Risk Management,What Is Cyber Risk?,Supporting,Informational,Informational,text
incident response services,1900,Risk Management,Incident Response Solutions,Managed Incident Response Services,Pillar page,Commercial,Commercial,text
cis critical security controls,1900,Compliance and Governance,Critical Security Controls,Overview of Critical Security Controls,Pillar page,Informational,Informational,text
supply chain attack,1900,Threat Management,Supply Chain Attacks,Understanding Supply Chain Attacks,Pillar page,Informational,Informational,text
brute force attack,1900,Threat Management,Brute Force Attacks,Understanding Brute Force Attacks,Pillar page,Informational,Informational,text
vulnerability scanners,1600,Threat Management,Vulnerability Management,Vulnerability Scanning Tools Explained,Supporting,Commercial,Commercial,text
cyber security managed services,1600,Cybersecurity Services,Managed Security Solutions,Comprehensive Cybersecurity Services,Supporting,Commercial,Commercial,text
identity and access management solutions,1600,Security Management,Identity Access Management,Comprehensive IAM Tools Guide,Supporting,Commercial,Commercial,text
cyber security risk assessment,1600,Risk Management,Cybersecurity Risk Management,Top Cybersecurity Risk Assessment Tools,Supporting,Commercial,Commercial,text
mdr security,1600,Cybersecurity Services,MDR Cybersecurity Solutions,MDR Security Services Overview,Supporting,Mixed,Commercial,text
ndr meaning,1600,Threat Management,NDR Insights,Understanding NDR Meaning,Pillar page,Informational,Informational,text
managed security services provider,1600,Cybersecurity Services,Managed Security Solutions,Top Managed Security Services,Supporting,Commercial,Commercial,text
cloud native security,1600,Cybersecurity Practices,Cloud Security Solutions,Exploring Cloud Native Security,Supporting,Commercial,Informational,text
app security,1600,Cybersecurity Practices,API Security Solutions,Understanding App Security,Supporting,Informational,Informational,text
sast tools,1600,Cybersecurity Practices,DAST Tools Overview,Top SAST Tools Overview,Supporting,Commercial,Commercial,text
dlp security,1300,Cybersecurity Practices,Data Loss Prevention,Top DLP Security Solutions,Supporting,Commercial,Commercial,text
devops security,1300,Cybersecurity Practices,DevSecOps Overview,Understanding DevSecOps Concepts,Supporting,Informational,Informational,text
xdr vs edr,1300,Cybersecurity Services,XDR Cybersecurity Solutions,XDR vs EDR Comparison,Supporting,Informational,Informational,text
edr vs xdr,1300,Cybersecurity Services,XDR Cybersecurity Solutions,XDR vs EDR Comparison,Supporting,Informational,Informational,text
vulnerability assessment tools,1300,Threat Management,Vulnerability Management,Vulnerability Assessment Solutions,Pillar page,Commercial,Commercial,text
what is zero trust architecture,1300,Security Management,Zero Trust Security,Understanding Zero Trust Security,Supporting,Informational,Informational,text
lateral motion,1300,Threat Management,Lateral Movement Concepts,Understanding Lateral Movement,Pillar page,Informational,Informational,text
container security best practices,1300,Cybersecurity Practices,Container Security Essentials,Top Container Security Solutions,Pillar page,Commercial,Informational,text
siem software,1300,Cybersecurity Services,SIEM Overview,Top SIEM Solutions Available,Supporting,Commercial,Commercial,text
cloud security companies,1300,Cybersecurity Practices,Cloud Security Solutions,Top Cloud Security Solutions,Pillar page,Commercial,Commercial,text
security information and event management siem system,1000,Cybersecurity Services,SIEM Overview,Security Information Management Systems,Supporting,Commercial,Commercial,text
siem vs soar,1000,Cybersecurity Services,SOAR in Cybersecurity,SIEM vs SOAR Explained,Supporting,Informational,Informational,text
xdr meaning,1000,Cybersecurity Services,XDR Cybersecurity Solutions,Understanding XDR Solutions,Pillar page,Commercial,Informational,text
api security testing,1000,Cybersecurity Practices,API Security Solutions,Top API Security Tools,Supporting,Commercial,Commercial,text
threat intelligence tools,1000,Threat Management,Threat Intelligence Solutions,Top Threat Intelligence Platforms,Pillar page,Commercial,Commercial,text
iam security,1000,Cybersecurity Practices,Security in Technology,IAM Security Solutions Overview,Supporting,Commercial,Commercial,text
static application security testing,1000,Cybersecurity Practices,Application Security Testing,Top Static Application Security Tools,Supporting,Commercial,Commercial,text
aws cloud security,1000,Cybersecurity Practices,Cloud Security Strategies,AWS vs Azure Cloud Security,Supporting,Informational,Informational,text
container runtime security,720,Cybersecurity Practices,Container Security Essentials,Understanding Container Runtime Security,Supporting,Informational,Informational,text
dast testing,720,Cybersecurity Practices,DAST Tools Overview,Best DAST Tools Comparison,Supporting,Commercial,Informational,text
vulnerabilities definition,590,Threat Management,Vulnerability Management,Understanding Vulnerabilities Defined,Supporting,Informational,Informational,text
dark web scanner,480,Threat Management,Dark Web Insights,Best Dark Web Scanner Tools,Supporting,Transactional,Transactional,text
endpoint solutions,390,Cybersecurity Practices,Endpoint Detection Solutions,Comprehensive Endpoint Solutions,Supporting,Commercial,Commercial,text
kubernetes security posture management,320,Cybersecurity Practices,Kubernetes Security Solutions,Understanding Kubernetes Security Posture Management,Supporting,Informational,Informational,text
siem magic quadrant,260,Cybersecurity Services,Gartner SIEM Insights,Understanding SIEM Magic Quadrant,Pillar page,Informational,Informational,text
gartner magic quadrant siem,260,Cybersecurity Services,Gartner SIEM Insights,Understanding SIEM Magic Quadrant,Pillar page,Informational,Informational,text
siem gartner,210,Cybersecurity Services,Gartner SIEM Insights,Gartner's SIEM Insights,Supporting,Informational,Informational,text
cyber intelligence feeds,210,Threat Management,Threat Intelligence Solutions,Understanding Cyber Threat Intelligence,Supporting,Mixed,Commercial,text
gartner siem,210,Cybersecurity Services,Gartner SIEM Insights,Gartner's SIEM Insights,Supporting,Informational,Informational,text
open source threat intelligence feeds,210,Threat Management,Threat Intelligence Solutions,Open Source Threat Intelligence Feeds,Supporting,Informational,Informational,text
google cloud platform security,170,Cybersecurity Practices,Cloud Security Solutions,Understanding Google Cloud Security,Supporting,Informational,Informational,text
gartner mq siem,170,Cybersecurity Services,Gartner SIEM Insights,Gartner MQ for SIEM Overview,Supporting,Informational,Informational,text
gartner quadrant siem,140,Cybersecurity Services,Gartner SIEM Insights,Understanding SIEM Magic Quadrant,Pillar page,Informational,Informational,text
cloud compliance challenges,140,Cybersecurity Practices,Cloud Security Solutions,Navigating Cloud Compliance Challenges,Supporting,Informational,Informational,text
attack surface intelligence,140,Security Management,Attack Surface Management,Understanding Attack Surface Intelligence,Supporting,Informational,Informational,text
application security as a service,110,Cybersecurity Practices,Application Security Solutions,Comprehensive Application Security Solutions,Supporting,Commercial,Transactional,text
attack path management,110,Security Management,Attack Surface Management,Exploring Attack Path Management,Supporting,Informational,Informational,text
gartner mdr,110,Cybersecurity Services,Gartner SIEM Insights,Exploring Gartner MDR Analysis,Supporting,Informational,Informational,text
gartner magic quadrant for siem,110,Cybersecurity Services,Gartner SIEM Insights,Understanding SIEM Magic Quadrant,Pillar page,Informational,Informational,text
managed it services,49500,Cybersecurity Services,Managed Security Solutions,Expert Managed IT Services,Pillar page,Commercial,Transactional,text
the dark web,22200,Threat Management,Dark Web Insights,Comprehensive Dark Web Guide,Pillar page,Informational,Informational,text
software development life cycle,18100,Miscellaneous,Software Development Life Cycle,Overview of Software Development Life Cycle,Pillar page,Informational,Informational,text
spoofing,18100,Threat Management,Spoofing Explained,Understanding Spoofing Attacks,Pillar page,Informational,Informational,text
what is the dark web,18100,Threat Management,Dark Web Insights,Understanding The Dark Web,Supporting,Informational,Informational,text
mdr,14800,Cybersecurity Services,MDR Cybersecurity Solutions,MDR Definition and Meaning,Pillar page,Informational,Commercial,text
social engineering,14800,Threat Management,Social Engineering Overview,Understanding Social Engineering Concepts,Pillar page,Informational,Informational,text
social engineering definition,14800,Threat Management,Social Engineering Overview,Understanding Social Engineering Concepts,Pillar page,Informational,Informational,text
network security,14800,Cybersecurity Services,Network Security Solutions,Understanding Network Security Concepts,Pillar page,Informational,Informational,text
mssp,12100,Cybersecurity Services,MSSP Overview,Understanding MSSP Meaning,Pillar page,Informational,Commercial,text
cicd,9900,Cybersecurity Practices,CI/CD Fundamentals,Understanding CI/CD Concepts,Supporting,Informational,Informational,text
devsecops,9900,Cybersecurity Practices,DevSecOps Overview,Defining DevSecOps Services,Pillar page,Informational,Informational,text
endpoint detection and response,8100,Cybersecurity Practices,Endpoint Detection Solutions,Effective Endpoint Detection Strategies,Pillar page,Commercial,Commercial,text
red team,8100,Threat Management,Red Teaming Concepts,Understanding Red Team Meaning,Supporting,Informational,Informational,text
social engineering in security,8100,Threat Management,Social Engineering Overview,Understanding Social Engineering Concepts,Pillar page,Informational,Informational,text
vulnerabilities,6600,Threat Management,Vulnerability Management,Understanding Vulnerabilities Defined,Supporting,Informational,Informational,text
xdr,6600,Cybersecurity Services,XDR Cybersecurity Solutions,Understanding XDR Solutions,Pillar page,Commercial,Commercial,text
cnapp,6600,Cybersecurity Practices,CNAPP Overview,Understanding CNAPP Solutions,Pillar page,Commercial,Commercial,text
ransomware attack,6600,Threat Management,Ransomware Awareness,Understanding Ransomware Attacks,Pillar page,Informational,Informational,text
cspm,6600,Cybersecurity Practices,Cloud Security Posture Management,CSPM Tools and Vendors Overview,Pillar page,Commercial,Commercial,text
vulnerability management,6600,Threat Management,Vulnerability Management,Vulnerability Management Overview,Supporting,Commercial,Commercial,text
cve vulnerability,6600,Threat Management,CVE Vulnerability Insights,Understanding CVE Vulnerabilities,Supporting,Informational,Informational,text
managed security service provider,5400,Cybersecurity Services,Managed Security Solutions,Top Managed Security Services,Supporting,Commercial,Commercial,text
threat intelligence,5400,Threat Management,Threat Intelligence Solutions,Top Threat Intelligence Platforms,Pillar page,Commercial,Commercial,text
what is spoofing,5400,Threat Management,Spoofing Explained,Understanding Spoofing Attacks,Pillar page,Informational,Informational,text
lateral movement,5400,Threat Management,Lateral Movement Concepts,Understanding Lateral Movement,Pillar page,Informational,Informational,text
cloud security solutions,5400,Cybersecurity Practices,Cloud Security Solutions,Top Cloud Security Solutions,Pillar page,Commercial,Commercial,text
identity and access management,5400,Security Management,Identity Access Management,Comprehensive IAM Tools Guide,Supporting,Commercial,Commercial,text
man in the middle attack,5400,Threat Management,Man-in-the-Middle Attacks,Understanding Man In The Middle Attacks,Pillar page,Informational,Informational,text
dast,5400,Cybersecurity Practices,DAST Tools Overview,Understanding DAST Solutions,Pillar page,Commercial,Commercial,text
mdr meaning,4400,Cybersecurity Services,MDR Cybersecurity Solutions,MDR Definition and Meaning,Pillar page,Informational,Informational,text
api security,4400,Cybersecurity Practices,API Security Solutions,Top API Security Tools,Supporting,Commercial,Commercial,text
siem tools,4400,Cybersecurity Services,SIEM Overview,Popular SIEM Tools Explained,Supporting,Informational,Commercial,text
indicators of compromise,4400,Threat Management,Compromise Indicators,Understanding Indicators of Compromise,Pillar page,Informational,Informational,text
dark web monitoring,4400,Threat Management,Dark Web Insights,Dark Web Monitoring Explained,Supporting,Mixed,Commercial,text
zero day attack,4400,Threat Management,Zero Day Attacks,Understanding Zero Day Attacks,Pillar page,Informational,Informational,text
what is spear phishing,4400,Threat Management,Spear Phishing Overview,Understanding Spear Phishing Attacks,Pillar page,Informational,Informational,text
iot security,4400,Cybersecurity Practices,Security in Technology,IoT Security Best Practices,Pillar page,Commercial,Commercial,text
cloud security best practices,3600,Cybersecurity Practices,Cloud Security Strategies,Cloud Security Best Practices Guide,Pillar page,Informational,Informational,text
penetration test,3600,Threat Management,Penetration Testing Overview,Comprehensive Penetration Tests,Supporting,Transactional,Transactional,text
shadow it,3600,Risk Management,Shadow IT Overview,Understanding Shadow IT Examples,Supporting,Informational,Informational,text
managed detection and response,3600,Cybersecurity Services,Managed Detection and Response,Comprehensive Managed Detection Services,Pillar page,Commercial,Commercial,text
attack surface management,2900,Security Management,Attack Surface Management,Top Attack Surface Management Solutions,Pillar page,Commercial,Commercial,text
cloud security tools,2900,Cybersecurity Practices,Cloud Security Solutions,Essential Cloud Security Tools,Supporting,Commercial,Commercial,text
vulnerability scanner,2900,Threat Management,Vulnerability Management,Vulnerability Scanning Tools Explained,Supporting,Commercial,Commercial,text
cross website scripting,2900,Threat Management,XSS Vulnerabilities,Understanding Cross Site Scripting,Pillar page,Informational,Informational,text
container security,2900,Cybersecurity Practices,Container Security Essentials,Top Container Security Solutions,Pillar page,Commercial,Commercial,text
cross server scripting,2900,Threat Management,XSS Vulnerabilities,Understanding Cross Site Scripting,Pillar page,Informational,Informational,text
spoofing meaning,2900,Threat Management,Spoofing Explained,Understanding Spoofing Attacks,Pillar page,Informational,Informational,text
cloud network security,2900,Cybersecurity Services,Network Security Solutions,Cloud Network Security Solutions,Supporting,Commercial,Commercial,text
cloud security posture management,2900,Cybersecurity Practices,Cloud Security Solutions,What Is Cloud Security Posture Management?,Supporting,Commercial,Commercial,text
managed cybersecurity services,2900,Cybersecurity Services,Managed Security Solutions,Comprehensive Cybersecurity Services,Supporting,Commercial,Commercial,text
patch management,2900,Threat Management,Patch Management Strategies,Comprehensive Patch Management Solutions,Pillar page,Commercial,Commercial,text
ueba,2900,Threat Management,UEBA Insights,Top Ueba Solutions Overview,Pillar page,Commercial,Commercial,text
vulnerability management tools,2400,Threat Management,Vulnerability Management,Vulnerability Management Overview,Supporting,Commercial,Commercial,text
what is devsecops,2400,Cybersecurity Practices,DevSecOps Overview,What Is DevSecOps?,Supporting,Informational,Informational,text
ai compliance,2400,Compliance and Governance,AI Compliance Framework,AI Compliance Solutions Overview,Pillar page,Commercial,Commercial,text
what is fedramp,2400,Compliance and Governance,FedRAMP Overview,Understanding FedRAMP Compliance,Pillar page,Informational,Informational,text
soc services,2400,Security Management,SOC Reporting Insights,Understanding SOC Services,Supporting,Commercial,Commercial,text
zero day security exploits,2400,Threat Management,Zero Day Attacks,Exploring Zero Day Security Exploits,Supporting,Informational,Informational,text
ai risk management,2400,Compliance and Governance,AI Risk Management Solutions,AI Risk Management Overview,Pillar page,Mixed,Commercial,text
remote code execution,2400,Threat Management,Remote Code Execution,Understanding Remote Code Execution,Pillar page,Informational,Informational,text
edr security,2400,Cybersecurity Services,EDR Security Solutions,Top EDR Security Solutions,Supporting,Commercial,Commercial,text
threat intelligence platform,2400,Threat Management,Threat Intelligence Solutions,Top Threat Intelligence Platforms,Pillar page,Commercial,Commercial,text
cybersecurity risk management,2400,Risk Management,Cybersecurity Risk Management,Understanding Cyber Risk Management,Pillar page,Informational,Commercial,text
ciem,1900,Cybersecurity Practices,CIEM Overview,Understanding CIEM Concepts,Pillar page,Informational,Informational,text
what is soar,1900,Cybersecurity Services,SOAR in Cybersecurity,Understanding SOAR in Cybersecurity,Supporting,Informational,Informational,text
soc as a service,1900,Cybersecurity Services,SOC as a Service,Understanding SOC as a Service,Supporting,Commercial,Commercial,text
what is iam,1900,Security Management,Identity Access Management,Understanding IAM Basics,Supporting,Informational,Informational,text
what is xdr,1900,Cybersecurity Services,XDR Cybersecurity Solutions,What Is XDR Explained,Supporting,Informational,Informational,text
what is dlp,1900,Cybersecurity Practices,Data Loss Prevention,Understanding DLP Concepts,Supporting,Mixed,Informational,text
ctem,1900,Cybersecurity Services,CTEM Cybersecurity Solutions,Top CTEM Solutions Overview,Pillar page,Mixed,Informational,text
cve meaning,1900,Threat Management,CVE Vulnerability Insights,What Is a CVE?,Pillar page,Informational,Informational,text
siem system,1900,Cybersecurity Services,SIEM Overview,Top SIEM Solutions Available,Supporting,Commercial,Commercial,text
penetration testing tools,1900,Threat Management,Penetration Testing Overview,Top Penetration Testing Tools,Supporting,Mixed,Transactional,text
application security testing,1900,Cybersecurity Practices,Application Security Solutions,Application Security Testing Overview,Supporting,Mixed,Commercial,text
managed security,1900,Cybersecurity Services,Managed Security Solutions,Top Managed Security Services,Supporting,Commercial,Commercial,text
itdr,1900,Cybersecurity Services,ITDR Solutions,Top ITDR Security Solutions,Pillar page,Commercial,Informational,text
siem cyber security,1900,Cybersecurity Services,SIEM Overview,SIEM in Cybersecurity Context,Supporting,Mixed,Commercial,text
what is a siem,1600,Cybersecurity Services,SIEM Overview,What Is SIEM Technology?,Supporting,Informational,Informational,text
vulnerability management lifecycle,1600,Threat Management,Vulnerability Management,Vulnerability Management Best Practices,Supporting,Informational,Informational,text
vulnerability scan,1600,Threat Management,Vulnerability Management,Vulnerability Scanning Tools Explained,Supporting,Commercial,Transactional,text
dynamic application security testing,1600,Cybersecurity Practices,Application Security Testing,Understanding Dynamic Application Security Testing,Pillar page,Commercial,Commercial,text
threat detection,1600,Threat Management,Threat Detection Solutions,Top Threat Detection Software,Pillar page,Commercial,Informational,text
log management,1600,Cybersecurity Services,Log Management Solutions,Top Log Management Solutions,Pillar page,Commercial,Commercial,text
what is cloud security,1600,Cybersecurity Practices,Cloud Security Solutions,Introduction to Cloud Security,Supporting,Informational,Informational,text
vulnerability management process,1600,Threat Management,Vulnerability Management,Vulnerability Management Best Practices,Supporting,Informational,Informational,text
dev sec ops,1600,Cybersecurity Practices,DevSecOps Overview,Understanding DevSecOps Concepts,Supporting,Informational,Informational,text
extended detection and response,1600,Cybersecurity Services,Managed Detection and Response,Overview of Extended Detection Solutions,Supporting,Commercial,Commercial,text
apt attack,1600,Threat Management,APT Threat Landscape,Understanding APT Attacks,Pillar page,Informational,Informational,text
mdr services,1600,Cybersecurity Services,MDR Cybersecurity Solutions,Top MDR Service Providers,Supporting,Commercial,Commercial,text
siem solutions,1600,Cybersecurity Services,SIEM Overview,Top SIEM Solutions Available,Supporting,Commercial,Commercial,text
cloud access security brokers,1600,Cybersecurity Practices,CASB Solutions,Understanding Cloud Access Security Brokers,Supporting,Commercial,Commercial,text
siem tool,1600,Cybersecurity Services,SIEM Overview,Popular SIEM Tools Explained,Supporting,Informational,Transactional,text
network detection and response,1600,Cybersecurity Services,Managed Detection and Response,Network Detection and Response Explained,Supporting,Commercial,Commercial,text
what is sql injection,1600,Threat Management,SQL Injection Overview,Understanding SQL Injection,Supporting,Informational,Informational,text
soar security,1600,Cybersecurity Services,SOAR in Cybersecurity,SOAR Security Tools Overview,Pillar page,Mixed,Commercial,text
security as a service,1600,Cybersecurity Services,Managed Security Solutions,Affordable Security as a Service,Supporting,Transactional,Commercial,text
managed detection and response services,1600,Cybersecurity Services,Managed Detection and Response,Comprehensive Managed Detection Services,Pillar page,Commercial,Commercial,text
threat and vulnerability management,1300,Threat Management,Vulnerability Management,Threat and Vulnerability Management,Supporting,Informational,Informational,text
what is shadow it,1300,Risk Management,Shadow IT Overview,What Is Shadow IT?,Pillar page,Informational,Informational,text
shared responsibility model,1300,Cybersecurity Practices,Cloud Security Responsibility,Understanding Shared Responsibility Model,Pillar page,Informational,Informational,text
iam tools,1300,Security Management,Identity Access Management,Top IAM Tools Comparison,Supporting,Commercial,Commercial,text
what does malware do,1300,Threat Management,Malware Attacks Overview,Understanding Malware Functions,Supporting,Informational,Informational,text
mdr solutions,1300,Cybersecurity Services,MDR Cybersecurity Solutions,Top MDR Service Providers,Supporting,Commercial,Commercial,text
zero trust security model,1300,Security Management,Zero Trust Security,Exploring Zero Trust Architecture,Pillar page,Informational,Informational,text
siem it,1300,Cybersecurity Services,SIEM Overview,Understanding SIEM Meaning,Pillar page,Informational,Commercial,text
threat detection and response,1300,Threat Management,Threat Detection Solutions,Understanding Threat Detection and Response,Supporting,Commercial,Commercial,text
apt threat,1300,Threat Management,APT Threat Landscape,Understanding APT Attacks,Pillar page,Informational,Informational,text
dast tools,1300,Cybersecurity Practices,DAST Tools Overview,Best DAST Tools Comparison,Supporting,Commercial,Commercial,text
xdr security,1300,Cybersecurity Services,XDR Cybersecurity Solutions,XDR in Cybersecurity Overview,Supporting,Commercial,Commercial,text
siem security,1300,Cybersecurity Services,SIEM Overview,Top SIEM Solutions Available,Supporting,Commercial,Commercial,text
waf security,1300,Cybersecurity Practices,WAF Security Solutions,WAF Security Solutions Overview,Supporting,Commercial,Commercial,text
threat model,1300,Threat Management,Threat Modeling Concepts,Understanding Threat Models,Pillar page,Informational,Informational,text
automated penetration testing,1300,Threat Management,Penetration Testing Overview,Automated Penetration Testing Solutions,Supporting,Commercial,Commercial,text
casb security,1300,Cybersecurity Practices,CASB Solutions,Exploring CASB Solutions and Vendors,Pillar page,Commercial,Commercial,text
what is a zero day attack,1300,Threat Management,Zero Day Attacks,Understanding Zero Day Attacks,Pillar page,Informational,Informational,text
vulnerability management system,1300,Threat Management,Vulnerability Management,Vulnerability Management Overview,Supporting,Commercial,Commercial,text
cloud compliance,1300,Cybersecurity Practices,Cloud Security Solutions,Navigating Cloud Compliance Challenges,Supporting,Informational,Informational,text
sql injection definition,1300,Threat Management,SQL Injection Overview,SQL Injection Definition Explained,Pillar page,Informational,Informational,text
cloud security platform,1300,Cybersecurity Practices,Cloud Security Solutions,Top Cloud Security Solutions,Pillar page,Commercial,Commercial,text
cloud security posture management tools,1300,Cybersecurity Practices,Cloud Security Solutions,What Is Cloud Security Posture Management?,Supporting,Commercial,Commercial,text
managed network security,1300,Cybersecurity Services,Network Security Solutions,Benefits of Managed Network Security,Supporting,Commercial,Commercial,text
what is data loss prevention,1300,Cybersecurity Practices,Data Loss Prevention,Data Loss Prevention Explained,Pillar page,Informational,Informational,text
siem solution,1300,Cybersecurity Services,SIEM Overview,Top SIEM Solutions Available,Supporting,Commercial,Commercial,text
what is vulnerability management,1000,Threat Management,Vulnerability Management,Vulnerability Management Overview,Supporting,Commercial,Informational,text
managed security service provider mssp,1000,Cybersecurity Services,MSSP Overview,Choosing a Managed Security Service Provider,Supporting,Commercial,Commercial,text
user behavior analytics,1000,Threat Management,User Behavior Analytics,Understanding User Behavior Analytics,Pillar page,Commercial,Commercial,text
vuln assessment,1000,Threat Management,Vulnerability Management,Vulnerability Assessment Solutions,Pillar page,Commercial,Commercial,text
siem security event,1000,Cybersecurity Services,SIEM Overview,Security Information Management Systems,Supporting,Commercial,Informational,text
vulnerability scans,1000,Threat Management,Vulnerability Management,Vulnerability Scanning Tools Explained,Supporting,Commercial,Commercial,text
vulnerability testing,1000,Threat Management,Vulnerability Management,Vulnerability Testing Services,Supporting,Commercial,Commercial,text
managed siem,1000,Cybersecurity Services,SIEM Overview,Managed SIEM Services Overview,Supporting,Commercial,Commercial,text
what is cnapp,1000,Cybersecurity Practices,CNAPP Overview,What Is CNAPP?,Supporting,Informational,Informational,text
ransomware examples,1000,Threat Management,Ransomware Awareness,Common Types of Ransomware,Supporting,Informational,Informational,text
digital risk protection,1000,Threat Management,Digital Risk Protection,Digital Risk Protection Solutions,Pillar page,Commercial,Commercial,text
cloud security compliance,1000,Cybersecurity Practices,Cloud Security Solutions,Cloud Security and Compliance Overview,Supporting,Informational,Informational,text
easm,1000,Cybersecurity Services,EASM Cybersecurity Solutions,Top EASM Solutions Overview,Pillar page,Commercial,Commercial,text
spear phishing attack,1000,Threat Management,Spear Phishing Overview,Understanding Spear Phishing Attacks,Pillar page,Informational,Informational,text
application security tools,1000,Cybersecurity Practices,Application Security Solutions,Comprehensive Application Security Solutions,Supporting,Commercial,Commercial,text
managed edr,1000,Cybersecurity Services,EDR Security Solutions,Benefits of Managed EDR,Supporting,Commercial,Commercial,text
shift left security,1000,Cybersecurity Practices,Shift Left Security,Understanding Shift Left Security,Pillar page,Informational,Informational,text
azure security,1000,Cybersecurity Practices,Cloud Security Strategies,AWS vs Azure Cloud Security,Supporting,Informational,Commercial,text
critical security controls,1000,Compliance and Governance,Critical Security Controls,Overview of Critical Security Controls,Pillar page,Informational,Informational,text
cloud siem,1000,Cybersecurity Services,SIEM Overview,Cloud-Based SIEM Solutions,Supporting,Commercial,Commercial,text
cspm tools,1000,Cybersecurity Practices,Cloud Security Posture Management,CSPM Tools and Vendors Overview,Pillar page,Commercial,Commercial,text
what is advanced persistent threat,1000,Threat Management,Advanced Threat Protection,Understanding Advanced Persistent Threats,Supporting,Informational,Informational,text
what is red teaming,1000,Threat Management,Red Teaming Concepts,Introduction to Red Teaming,Pillar page,Informational,Informational,text
continuous threat exposure management,1000,Risk Management,Threat Exposure Management,Understanding Continuous Threat Exposure Management,Supporting,Informational,Commercial,text
mssp security,1000,Cybersecurity Services,MSSP Overview,Choosing a Managed Security Service Provider,Supporting,Commercial,Commercial,text
brute force attack definition,1000,Threat Management,Brute Force Attacks,Understanding Brute Force Attacks,Pillar page,Informational,Informational,text
brute force meaning,1000,Threat Management,Brute Force Attacks,Understanding Brute Force Attacks,Pillar page,Informational,Informational,text
mdr cybersecurity,1000,Cybersecurity Services,MDR Cybersecurity Solutions,MDR Security Services Overview,Supporting,Mixed,Commercial,text
intrusion prevention,1000,Cybersecurity Services,Intrusion Detection Systems,Intrusion Detection And Prevention Overview,Pillar page,Mixed,Commercial,text
what is an apt,1000,Threat Management,APT Threat Landscape,What Is An APT?,Supporting,Informational,Informational,text
cyber security risk management,1000,Risk Management,Cybersecurity Risk Management,Understanding Cyber Risk Management,Pillar page,Informational,Informational,text
what is iot security,1000,Cybersecurity Practices,IoT Security Solutions,Understanding IoT Security Basics,Pillar page,Informational,Informational,text
threat intelligence platforms,1000,Threat Management,Threat Intelligence Solutions,Top Threat Intelligence Platforms,Pillar page,Commercial,Commercial,text
file integrity monitoring,1000,Cybersecurity Practices,File Integrity Monitoring,Top File Integrity Monitoring Solutions,Pillar page,Commercial,Commercial,text
supply chain attacks,880,Threat Management,Supply Chain Attacks,Understanding Supply Chain Attacks,Pillar page,Informational,Informational,text
managed cyber security service,880,Cybersecurity Services,Managed Security Solutions,Comprehensive Cybersecurity Services,Supporting,Commercial,Commercial,text
internet of things security,880,Cybersecurity Practices,IoT Security Solutions,Understanding IoT Security Basics,Pillar page,Informational,Informational,text
soar vs siem,880,Cybersecurity Services,SOAR in Cybersecurity,SIEM vs SOAR Explained,Supporting,Informational,Informational,text
endpoint detection and response solutions,880,Cybersecurity Practices,Endpoint Detection Solutions,Effective Endpoint Detection Strategies,Pillar page,Commercial,Commercial,text
siems,880,Cybersecurity Services,SIEM Solutions,Top SIEM Solutions Overview,Pillar page,Commercial,Commercial,text
siem systems,880,Cybersecurity Services,SIEM Overview,Top SIEM Solutions Available,Supporting,Commercial,Commercial,text
threat intelligence services,880,Threat Management,Threat Intelligence Solutions,Top Threat Intelligence Platforms,Pillar page,Commercial,Commercial,text
what is container security,880,Cybersecurity Practices,Container Security Essentials,What Is Container Security?,Supporting,Informational,Informational,text
what is siem in cyber security,880,Cybersecurity Services,SIEM Overview,What Is SIEM Technology?,Supporting,Informational,Informational,text
api security tools,880,Cybersecurity Practices,API Security Solutions,Top API Security Tools,Supporting,Commercial,Commercial,text
what does siem stand for,880,Cybersecurity Services,SIEM Overview,What Is SIEM Technology?,Supporting,Informational,Informational,text
what is a brute force attack,880,Threat Management,Brute Force Attacks,Understanding Brute Force Attacks,Pillar page,Informational,Informational,text
network traffic monitor,720,Threat Management,Network Traffic Analysis,Top Network Traffic Monitors,Pillar page,Commercial,Commercial,text
iac tools,720,Cybersecurity Practices,Infrastructure as Code,Top IAC Tools Overview,Supporting,Commercial,Commercial,text
identity access management tools,720,Security Management,Identity Access Management,Comprehensive IAM Tools Guide,Supporting,Commercial,Commercial,text
types of ransomware,720,Threat Management,Ransomware Awareness,Common Types of Ransomware,Supporting,Informational,Informational,text
siem management,720,Cybersecurity Services,SIEM Overview,SIEM Management Services Explained,Supporting,Commercial,Commercial,text
web vulnerability scanner,720,Threat Management,Vulnerability Management,Vulnerability Scanning Tools Explained,Supporting,Commercial,Commercial,text
sql exploit,720,Threat Management,SQL Injection Overview,Overview of SQL Exploits,Supporting,Informational,Informational,text
cloud app security broker,720,Cybersecurity Practices,CASB Solutions,Understanding Cloud Access Security Brokers,Supporting,Commercial,Commercial,text
cloud security standards,720,Cybersecurity Practices,Cloud Security Solutions,Key Cloud Security Standards,Supporting,Informational,Informational,text
cybersecurity risk,720,Risk Management,Cybersecurity Risk Management,What Is Cyber Risk?,Supporting,Informational,Informational,text
data leakage protection,720,Cybersecurity Practices,Data Loss Prevention,Overview of Data Leakage Protection,Supporting,Commercial,Commercial,text
managed security service,720,Cybersecurity Services,Managed Security Solutions,Top Managed Security Services,Supporting,Commercial,Transactional,text
define siem,720,Cybersecurity Services,SIEM Overview,What Is SIEM Technology?,Supporting,Informational,Informational,text
managed endpoint security,720,Cybersecurity Services,Managed Detection and Response,Managed Endpoint Security Solutions,Supporting,Transactional,Transactional,text
xdr platform,720,Cybersecurity Services,XDR Cybersecurity Solutions,Understanding XDR Solutions,Pillar page,Commercial,Commercial,text
soar cybersecurity,590,Cybersecurity Services,SOAR in Cybersecurity,SOAR Security Tools Overview,Pillar page,Mixed,Commercial,text
it asset discovery,590,Risk Management,IT Asset Management,Top IT Asset Discovery Tools,Supporting,Commercial,Commercial,text
siem platforms,590,Cybersecurity Services,SIEM Overview,Top SIEM Solutions Available,Supporting,Commercial,Commercial,text
container scanning,590,Cybersecurity Practices,Container Security Essentials,Best Container Scanning Tools,Supporting,Commercial,Commercial,text
what is cyber threat intelligence,590,Threat Management,Threat Intelligence Solutions,Understanding Cyber Threat Intelligence,Supporting,Mixed,Informational,text
data leak protection,590,Cybersecurity Practices,Data Loss Prevention,Overview of Data Leakage Protection,Supporting,Commercial,Commercial,text
threat intelligence software,590,Threat Management,Threat Intelligence Solutions,Top Threat Intelligence Platforms,Pillar page,Commercial,Commercial,text
security managed services,590,Cybersecurity Services,Managed Security Solutions,Top Managed Security Services,Supporting,Commercial,Transactional,text
cyber threat intelligence tools,590,Threat Management,Threat Intelligence Solutions,Understanding Cyber Threat Intelligence,Supporting,Mixed,Commercial,text
security information and event management siem,590,Cybersecurity Services,SIEM Overview,Security Information Management Systems,Supporting,Commercial,Commercial,text
cybersecurity threat intelligence,590,Threat Management,Threat Intelligence Solutions,Understanding Cyber Threat Intelligence,Supporting,Mixed,Informational,text
aws security tools,590,Cybersecurity Practices,Cloud Security Strategies,Top AWS Security Services,Supporting,Commercial,Commercial,text
zero trust security architecture,590,Security Management,Zero Trust Security,Exploring Zero Trust Architecture,Pillar page,Informational,Informational,text
cyber security ai,590,Cybersecurity Practices,Cybersecurity Innovations,AI Applications in Cybersecurity,Pillar page,Mixed,Commercial,text
adversarial ai,590,Compliance and Governance,Adversarial AI,Understanding Adversarial AI,Pillar page,Informational,Informational,text
cyber security as a service,590,Cybersecurity Services,Managed Security Solutions,Affordable Security as a Service,Supporting,Transactional,Transactional,text
rce exploit,590,Threat Management,Remote Code Execution,Exploring RCE Exploits,Supporting,Informational,Informational,text
security siem tools,590,Cybersecurity Services,SIEM Overview,Security Information Management Systems,Supporting,Commercial,Commercial,text
xss attacks,590,Threat Management,XSS Vulnerabilities,Overview of XSS Attacks,Supporting,Informational,Informational,text
cyber security risk,590,Risk Management,Cybersecurity Risk Management,What Is Cyber Risk?,Supporting,Informational,Informational,text
managed endpoint detection and response,480,Cybersecurity Services,Managed Detection and Response,Managed Endpoint Security Solutions,Supporting,Transactional,Transactional,text
zero day attack meaning,480,Threat Management,Zero Day Attacks,Understanding Zero Day Attacks,Pillar page,Informational,Informational,text
secure access service edge sase,480,Cybersecurity Practices,Secure Access Service Edge,Understanding Secure Access Service Edge,Pillar page,Commercial,Commercial,text
what is patch management,480,Threat Management,Patch Management Strategies,Understanding Patch Management Basics,Supporting,Mixed,Informational,text
siem and soar,480,Cybersecurity Services,SOAR in Cybersecurity,SIEM vs SOAR Explained,Supporting,Informational,Informational,text
siem logging,480,Cybersecurity Services,SIEM Overview,SIEM Logging and Management,Supporting,Informational,Informational,text
pam security,480,Security Management,Privileged Access Management,PAM Security Solutions Overview,Supporting,Commercial,Commercial,text
siem soc,480,Cybersecurity Services,SIEM Overview,SIEM and SOC Comparison,Supporting,Informational,Commercial,text
mcp security,480,Security Management,MCP Security Strategies,MCP Security Best Practices Guide,Pillar page,Commercial,Commercial,text
siem security solutions,480,Cybersecurity Services,SIEM Overview,Top SIEM Solutions Available,Supporting,Commercial,Commercial,text
siem security information and event management,480,Cybersecurity Services,SIEM Overview,Security Information Management Systems,Supporting,Commercial,Commercial,text
container scanning tools,480,Cybersecurity Practices,Container Security Essentials,Best Container Scanning Tools,Supporting,Commercial,Commercial,text
docker container security,480,Cybersecurity Practices,Container Security Essentials,Docker Container Security Overview,Supporting,Informational,Informational,text
cloud workload security,480,Cybersecurity Practices,Cloud Security Solutions,Cloud Workload Protection Explained,Supporting,Mixed,Informational,text
software vulnerability tools,480,Threat Management,Vulnerability Management,Software Vulnerability Tools Guide,Supporting,Commercial,Commercial,text
vulnerability database,480,Threat Management,Vulnerability Management,Vulnerability Database Insights,Supporting,Informational,Informational,text
what is a supply chain attack,480,Threat Management,Supply Chain Attacks,Understanding Supply Chain Attacks,Pillar page,Informational,Informational,text
internet of things security solutions,390,Cybersecurity Practices,IoT Security Solutions,Understanding IoT Security Basics,Pillar page,Informational,Commercial,text
siem examples,390,Cybersecurity Services,SIEM Overview,Top SIEM Solutions Available,Supporting,Commercial,Informational,text
threat and vulnerability assessment,390,Threat Management,Vulnerability Management,Threat and Vulnerability Management,Supporting,Informational,Informational,text
security incident event management,390,Cybersecurity Services,SIEM Overview,Overview of Security Information Management,Supporting,Informational,Informational,text
static application security testing tools,390,Cybersecurity Practices,Application Security Testing,Top Static Application Security Tools,Supporting,Commercial,Commercial,text
edr vs siem,390,Cybersecurity Services,SIEM Comparisons,EDR Versus SIEM Explained,Supporting,Informational,Informational,text
meaning of siem,390,Cybersecurity Services,SIEM Overview,Understanding SIEM Meaning,Pillar page,Informational,Informational,text
soc siem,390,Cybersecurity Services,SIEM Solutions,Understanding SOC SIEM Functionality,Supporting,Informational,Informational,text
cyber security vulnerability assessment,390,Threat Management,Vulnerability Management,Cybersecurity Vulnerability Assessments,Supporting,Informational,Commercial,text
risk-based vulnerability management,390,Threat Management,Vulnerability Management,Risk-Based Vulnerability Management,Supporting,Commercial,Informational,text
what is endpoint detection and response,390,Cybersecurity Services,Managed Detection and Response,Understanding Endpoint Detection,Supporting,Informational,Informational,text
security operations services,390,Cybersecurity Services,Managed Security Solutions,Security Operations Center Solutions,Supporting,Commercial,Commercial,text
siem security software,390,Cybersecurity Services,SIEM Overview,Top SIEM Solutions Available,Supporting,Commercial,Transactional,text
siem tools list,390,Cybersecurity Services,SIEM Overview,Popular SIEM Tools Explained,Supporting,Informational,Informational,text
siem use cases,390,Cybersecurity Services,SIEM Overview,Top SIEM Solutions Available,Supporting,Commercial,Informational,text
vulnerability intelligence,390,Threat Management,Vulnerability Management,Vulnerability Intelligence Explained,Supporting,Informational,Informational,text
nist cyber security,320,Cybersecurity Practices,Cybersecurity Innovations,Understanding NIST Cybersecurity Framework,Supporting,Informational,Informational,text
ai security vulnerabilities,320,Cybersecurity Practices,Security in Technology,Understanding AI Security Vulnerabilities,Supporting,Informational,Informational,text
api cybersecurity,320,Cybersecurity Practices,Cybersecurity Innovations,API Security Best Practices,Supporting,Informational,Informational,text
ransomware solution,320,Threat Management,Ransomware Awareness,Effective Ransomware Protection Solutions,Supporting,Mixed,Transactional,text
vulnerability scan tools,320,Threat Management,Vulnerability Management,Vulnerability Scanning Tools Explained,Supporting,Commercial,Commercial,text
what is xdr security,320,Cybersecurity Services,XDR Cybersecurity Solutions,XDR in Cybersecurity Overview,Supporting,Commercial,Informational,text
xdr vendors,320,Cybersecurity Services,XDR Cybersecurity Solutions,Top XDR Vendors Reviewed,Supporting,Commercial,Commercial,text
cve search,320,Threat Management,CVE Vulnerability Insights,Understanding CVE Vulnerabilities,Supporting,Informational,Informational,text
indicator of compromise,320,Threat Management,Compromise Indicators,Understanding Indicators of Compromise,Pillar page,Informational,Informational,text
siem vs edr,320,Cybersecurity Services,SIEM Comparisons,EDR Versus SIEM Explained,Supporting,Informational,Informational,text
mdr solution,320,Cybersecurity Services,MDR Cybersecurity Solutions,Top MDR Service Providers,Supporting,Commercial,Transactional,text
software supply chain attacks,320,Threat Management,Supply Chain Attacks,Understanding Supply Chain Attacks,Pillar page,Informational,Informational,text
soar siem,320,Cybersecurity Services,SOAR in Cybersecurity,SIEM vs SOAR Explained,Supporting,Informational,Informational,text
cloud native siem,320,Cybersecurity Services,SIEM Overview,Cloud-Based SIEM Solutions,Supporting,Commercial,Commercial,text
managed endpoint protection,320,Cybersecurity Services,Managed Detection and Response,Managed Endpoint Security Solutions,Supporting,Transactional,Transactional,text
threat intelligence as a service,320,Threat Management,Threat Intelligence Solutions,Top Threat Intelligence Platforms,Pillar page,Commercial,Commercial,text
xdr vs siem vs soar,260,Cybersecurity Services,SIEM Comparisons,XDR Compared to SIEM,Pillar page,Informational,Informational,text
security operations center services,260,Cybersecurity Services,Managed Security Solutions,Security Operations Center Solutions,Supporting,Commercial,Commercial,text
security intelligence,260,Cybersecurity Services,SIEM Overview,Exploring Security Intelligence Platforms,Supporting,Mixed,Informational,text
threat intelligence program,260,Threat Management,Threat Intelligence Solutions,Top Threat Intelligence Platforms,Pillar page,Commercial,Informational,text
what is siem in security,260,Cybersecurity Services,SIEM Overview,What Is SIEM Technology?,Supporting,Informational,Informational,text
security automation tools,260,Cybersecurity Services,Security Orchestration Automation,Top Security Automation Tools,Supporting,Commercial,Commercial,text
vulnerability scanning as a service,260,Threat Management,Vulnerability Management,Vulnerability Scanning as a Service,Supporting,Transactional,Transactional,text
vulnerability assessment software,260,Threat Management,Vulnerability Management,Vulnerability Assessment Solutions,Pillar page,Commercial,Commercial,text
siem log management,260,Cybersecurity Services,SIEM Overview,SIEM Logging and Management,Supporting,Informational,Commercial,text
xdr solution,260,Cybersecurity Services,XDR Cybersecurity Solutions,Understanding XDR Solutions,Pillar page,Commercial,Commercial,text
siem and soc,260,Cybersecurity Services,SIEM Overview,SIEM and SOC Comparison,Supporting,Informational,Informational,text
network security as a service,260,Cybersecurity Services,Managed Security Solutions,Affordable Security as a Service,Supporting,Transactional,Transactional,text
managed security operations,260,Cybersecurity Services,Managed Security Solutions,Managed Security Operations Overview,Supporting,Mixed,Transactional,text
best vulnerability management tools,260,Threat Management,Vulnerability Management,Vulnerability Management Overview,Supporting,Commercial,Commercial,text
cybersecurity vulnerability assessment,260,Threat Management,Vulnerability Management,Cybersecurity Vulnerability Assessments,Supporting,Informational,Informational,text
cyber security risk assessment tools,260,Risk Management,Cybersecurity Risk Management,Top Cybersecurity Risk Assessment Tools,Supporting,Commercial,Commercial,text
cyber vulnerability assessment,260,Threat Management,Vulnerability Management,Cybersecurity Vulnerability Assessments,Supporting,Informational,Informational,text
cloud risk assessment,260,Cybersecurity Practices,Cloud Security Solutions,Cloud Vulnerability Management Insights,Supporting,Mixed,Informational,text
automated pen testing,260,Threat Management,Penetration Testing Overview,Automated Penetration Testing Solutions,Supporting,Commercial,Commercial,text
asm security,260,Cybersecurity Services,ASM Security Solutions,Understanding ASM Security Concepts,Supporting,Informational,Informational,text
ioc cyber security,260,Cybersecurity Practices,Cybersecurity Innovations,Indicators of Compromise in Cybersecurity,Supporting,Informational,Informational,text
casb tools,260,Cybersecurity Practices,CASB Solutions,Exploring CASB Solutions and Vendors,Pillar page,Commercial,Commercial,text
network security scanner,260,Threat Management,Vulnerability Management,Vulnerability Scanning Tools Explained,Supporting,Commercial,Commercial,text
cloud security products,210,Cybersecurity Practices,Cloud Security Solutions,Top Cloud Security Solutions,Pillar page,Commercial,Commercial,text
mdr cyber,210,Cybersecurity Services,MDR Cybersecurity Solutions,Introduction to Cyber MDR,Supporting,Commercial,Commercial,text
cspm vs cwpp,210,Cybersecurity Practices,Cloud Security Posture Management,CSPM vs CWPP Comparison Guide,Supporting,Informational,Informational,text
kubernetes runtime security,210,Cybersecurity Practices,Kubernetes Security Solutions,Kubernetes Security Solutions Overview,Pillar page,Mixed,Informational,text
vulnerability assessment methodology,210,Threat Management,Vulnerability Management,Vulnerability Assessment Solutions,Pillar page,Commercial,Informational,text
threat intelligence vendors,210,Threat Management,Threat Intelligence Solutions,Top Threat Intelligence Platforms,Pillar page,Commercial,Commercial,text
dlp cybersecurity,210,Cybersecurity Practices,Data Loss Prevention,Top DLP Security Solutions,Supporting,Commercial,Commercial,text
siem tools examples,210,Cybersecurity Services,SIEM Overview,Popular SIEM Tools Explained,Supporting,Informational,Informational,text
sase network security,210,Cybersecurity Practices,Secure Access Service Edge,SASE Network Security Overview,Supporting,Commercial,Commercial,text
popular siem tools,210,Cybersecurity Services,SIEM Overview,Popular SIEM Tools Explained,Supporting,Informational,Informational,text
security information and event management definition,210,Cybersecurity Services,SIEM Overview,Overview of Security Information Management,Supporting,Informational,Informational,text
security information and event management siem software,210,Cybersecurity Services,SIEM Overview,Security Information Management Systems,Supporting,Commercial,Transactional,text
ngav vs edr,210,Cybersecurity Services,EDR Security Solutions,NGAV vs EDR Comparison,Supporting,Informational,Informational,text
application vulnerability assessment,210,Threat Management,Vulnerability Management,Application Vulnerability Management,Supporting,Mixed,Informational,text
cloud patch management,210,Cybersecurity Practices,Cloud Security Solutions,Cloud Patch Management Solutions,Supporting,Transactional,Transactional,text
soc as a service companies,170,Cybersecurity Services,SOC as a Service,Understanding SOC as a Service,Supporting,Commercial,Commercial,text
zero trust architecture example,170,Security Management,Zero Trust Security,Exploring Zero Trust Architecture,Pillar page,Informational,Informational,text
top 10 siem tools,170,Cybersecurity Services,SIEM Overview,Top 10 SIEM Tools List,Supporting,Informational,Informational,text
xdr platforms,170,Cybersecurity Services,XDR Cybersecurity Solutions,Understanding XDR Solutions,Pillar page,Commercial,Commercial,text
soar systems,170,Cybersecurity Services,SOAR in Cybersecurity,Top SOAR Solutions and Services,Supporting,Commercial,Commercial,text
examples of siem,170,Cybersecurity Services,SIEM Overview,Examples of SIEM Tools,Supporting,Informational,Informational,text
examples of siem tools,170,Cybersecurity Services,SIEM Overview,Examples of SIEM Tools,Supporting,Informational,Informational,text
enterprise dark web monitoring,170,Threat Management,Dark Web Insights,Dark Web Monitoring Explained,Supporting,Mixed,Commercial,text
kubernetes security issues,170,Cybersecurity Practices,Kubernetes Security Solutions,Kubernetes Security Solutions Overview,Pillar page,Mixed,Informational,text
secure access edge service,170,Cybersecurity Practices,Secure Access Service Edge,Exploring Secure Access Edge Services,Supporting,Commercial,Commercial,text
asset discovery software,170,Risk Management,IT Asset Management,Best Asset Discovery Software,Supporting,Commercial,Commercial,text
security information and event management system,170,Cybersecurity Services,SIEM Overview,Overview of Security Information Management,Supporting,Informational,Informational,text
cloud siem solutions,170,Cybersecurity Services,SIEM Overview,Cloud-Based SIEM Solutions,Supporting,Commercial,Commercial,text
cyber security asset management,170,Risk Management,Cybersecurity Risk Management,Cyber Security Asset Management Solutions,Supporting,Commercial,Commercial,text
cloud security aws,170,Cybersecurity Practices,Cloud Security Solutions,Cloud Security for AWS Users,Supporting,Commercial,Commercial,text
mdr vs mssp vs siem,170,Cybersecurity Services,SIEM Comparisons,MDR and SIEM Comparison,Supporting,Informational,Informational,text
enterprise log management,140,Cybersecurity Services,Log Management Solutions,Enterprise Log Management Overview,Supporting,Commercial,Commercial,text
types of threat actors,140,Threat Management,Threat Modeling Concepts,Exploring Threat Actors,Supporting,Informational,Informational,text
co managed siem,140,Cybersecurity Services,SIEM Overview,Co-Managed SIEM Services,Supporting,Commercial,Commercial,text
ueba cyber security,140,Cybersecurity Practices,Cybersecurity Innovations,User and Entity Behavior Analytics Overview,Supporting,Informational,Informational,text
difference between siem and soar,140,Cybersecurity Services,SOAR in Cybersecurity,SIEM vs SOAR Explained,Supporting,Informational,Informational,text
easm cybersecurity,140,Cybersecurity Services,EASM Cybersecurity Solutions,EASM Cybersecurity Insights,Supporting,Commercial,Commercial,text
continuous attack surface monitoring,140,Security Management,Attack Surface Management,Continuous Attack Surface Monitoring Explained,Supporting,Commercial,Commercial,text
user entity behavior analytics,140,Threat Management,User Behavior Analytics,Exploring User Entity Behavior Analytics,Supporting,Commercial,Commercial,text
mdr services cybersecurity,140,Cybersecurity Services,MDR Cybersecurity Solutions,MDR Security Services Overview,Supporting,Mixed,Commercial,text
network detection and response tools,140,Cybersecurity Services,Managed Detection and Response,Network Detection and Response Explained,Supporting,Commercial,Commercial,text
security event monitoring,140,Cybersecurity Services,SIEM Overview,Security Event Monitoring Solutions,Supporting,Commercial,Commercial,text
definition of least privilege,110,Security Management,Least Privilege Access,Understanding Least Privilege Principle,Pillar page,Informational,Informational,text
cyber attack surface,110,Security Management,Attack Surface Management,What Is an Attack Surface?,Supporting,Informational,Informational,text
what is cyber risk,110,Risk Management,Cybersecurity Risk Management,What Is Cyber Risk?,Supporting,Informational,Informational,text
siem security incident event management,110,Cybersecurity Services,SIEM Overview,Security Information Management Systems,Supporting,Commercial,Informational,text
container security solution,110,Cybersecurity Practices,Container Security Essentials,Top Container Security Solutions,Pillar page,Commercial,Commercial,text
managed incident response,110,Risk Management,Incident Response Solutions,Managed Incident Response Services,Pillar page,Commercial,Commercial,text
risk based vulnerability prioritization,110,Threat Management,Vulnerability Management,Risk-Based Vulnerability Management,Supporting,Commercial,Commercial,text
mcp server security,110,Security Management,MCP Security Strategies,MCP Security Best Practices Guide,Pillar page,Commercial,Commercial,text
what is telemetry in cyber security,110,Threat Management,Network Telemetry Insights,Understanding Telemetry in Cyber Security,Supporting,Informational,Informational,text
zero trust network model,110,Security Management,Zero Trust Security,Exploring Zero Trust Architecture,Pillar page,Informational,Informational,text
next generation siem,110,Cybersecurity Services,SIEM Overview,Next Generation SIEM Overview,Supporting,Commercial,Commercial,text
what is the mitre att&ck framework,110,Threat Management,MITRE ATT&CK Framework,Introduction to MITRE ATT&CK,Supporting,Informational,Informational,text
gartner siem quadrant,90,Cybersecurity Services,Gartner SIEM Insights,Understanding SIEM Magic Quadrant,Pillar page,Informational,Informational,text
mdr gartner quadrant,70,Cybersecurity Services,Gartner SIEM Insights,Gartner MDR Quadrant Explained,Supporting,Informational,Informational,text
managed identity threat detection and response,70,Threat Management,Threat Detection Solutions,Identity Threat Detection Solutions,Supporting,Commercial,Commercial,text
gartner mdr quadrant,70,Cybersecurity Services,Gartner SIEM Insights,Gartner MDR Quadrant Explained,Supporting,Informational,Informational,text
mdr buyers guide,40,Cybersecurity Services,MDR Cybersecurity Solutions,Top MDR Service Providers,Supporting,Commercial,Informational,text
exposure assessment platforms,30,Risk Management,Exposure Assessment Solutions,Understanding Exposure Assessment Platforms,Pillar page,Informational,Commercial,text
open source threat intelligence feed,30,Threat Management,Threat Intelligence Solutions,Open Source Threat Intelligence Feeds,Supporting,Informational,Informational,text
internet dark,40500,Threat Management,Dark Internet,Understanding The Dark Internet,Pillar page,Informational,Informational,text
penetration testing,27100,Threat Management,Penetration Testing Overview,Types of Penetration Testing,Pillar page,Mixed,Informational,text
fedramp,18100,Compliance and Governance,FedRAMP Overview,Understanding FedRAMP Compliance,Pillar page,Informational,Informational,text
zero trust,9900,Security Management,Zero Trust Security,Exploring Zero Trust Architecture,Pillar page,Informational,Informational,text
soc 2 compliance,8100,Compliance and Governance,Cybersecurity Compliance Solutions,Understanding SOC 2 Compliance,Pillar page,Mixed,Informational,text
exploits,8100,Threat Management,Exploit Resources,Overview of Exploits,Pillar page,Informational,Informational,text
intrusion prevention system,8100,Cybersecurity Services,Intrusion Detection Systems,Intrusion Detection And Prevention Overview,Pillar page,Mixed,Informational,text
red teaming,6600,Threat Management,Red Teaming Concepts,Introduction to Red Teaming,Pillar page,Informational,Informational,text
zero trust architecture,6600,Security Management,Zero Trust Security,Exploring Zero Trust Architecture,Pillar page,Informational,Informational,text
fisma,6600,Compliance and Governance,FISMA Compliance,Understanding FISMA Compliance,Pillar page,Informational,Informational,text
cyber security services,6600,Cybersecurity Services,Managed Security Solutions,Comprehensive Cybersecurity Services,Supporting,Commercial,Commercial,text
vulnerability definition,6600,Threat Management,Vulnerability Management,Understanding Vulnerabilities Defined,Supporting,Informational,Informational,text
what is a phishing attack,6600,Threat Management,Spear Phishing Overview,Overview of Phishing Attacks,Supporting,Informational,Informational,text
it asset management,6600,Risk Management,IT Asset Management,Understanding IT Asset Management,Pillar page,Mixed,Commercial,text
open source intel,5400,Threat Management,Open Source Intelligence,Understanding Open Source Intelligence,Pillar page,Informational,Informational,text
zero trust security,5400,Security Management,Zero Trust Security,Exploring Zero Trust Architecture,Pillar page,Informational,Informational,text
scap,5400,Compliance and Governance,SCAP Compliance Framework,Understanding SCAP Compliance,Pillar page,Informational,Informational,text
principle of least privilege,5400,Security Management,Least Privilege Access,Understanding Least Privilege Principle,Pillar page,Informational,Informational,text
cross site scripting,4400,Threat Management,XSS Vulnerabilities,Understanding Cross Site Scripting,Pillar page,Informational,Informational,text
seim,4400,Cybersecurity Services,SEIM Solutions,Understanding SEIM Technology,Pillar page,Informational,Informational,text
what is ci/cd,4400,Cybersecurity Practices,CI/CD Fundamentals,What Is CI/CD Explained,Pillar page,Informational,Informational,text
attribute based access control,4400,Security Management,Attribute-Based Access Control,Understanding Attribute Based Access Control,Pillar page,Informational,Informational,text
what is zero trust security,4400,Security Management,Zero Trust Security,Understanding Zero Trust Security,Supporting,Informational,Informational,text
sdlc meaning,3600,Miscellaneous,Software Development Life Cycle,Understanding SDLC Meaning,Supporting,Informational,Informational,text
third party risk management,3600,Risk Management,Third Party Risk Management,Understanding Third Party Risk Management,Pillar page,Informational,Commercial,text
cwpp,3600,Cybersecurity Practices,Cloud Security Posture Management,Understanding CWPP Security Solutions,Supporting,Informational,Informational,text
ransomware protection,3600,Threat Management,Ransomware Awareness,Effective Ransomware Protection Solutions,Supporting,Mixed,Commercial,text
data encryption,2900,Cybersecurity Practices,Data Encryption Overview,Understanding Data Encryption Meaning,Supporting,Mixed,Commercial,text
managed it security services,2900,Cybersecurity Services,Managed Security Solutions,Expert Managed IT Services,Pillar page,Commercial,Commercial,text
human in the loop,2900,Cybersecurity Practices,Human-in-the-Loop Overview,Understanding Human In The Loop,Pillar page,Informational,Informational,text
soc report,2900,Security Management,SOC Reporting Insights,Comprehensive Guide to SOC Reports,Pillar page,Informational,Informational,text
what is penetration testing,2900,Threat Management,Penetration Testing Overview,What Is Penetration Testing?,Supporting,Informational,Informational,text
exploit db,2400,Threat Management,Exploit Resources,Exploit Database Insights,Supporting,Informational,Informational,text
what is zero trust,2400,Security Management,Zero Trust Security,Understanding Zero Trust Security,Supporting,Informational,Informational,text
what is osint,2400,Threat Management,Open Source Intelligence,What Is OSINT Explained,Supporting,Informational,Informational,text
patch tuesday,2400,Threat Management,Patch Management Strategies,Overview of Patch Tuesday,Supporting,Informational,Informational,text
aws security,2400,Cybersecurity Practices,Cloud Security Strategies,Top AWS Security Services,Supporting,Commercial,Commercial,text
siem meaning,2400,Cybersecurity Services,SIEM Overview,Understanding SIEM Meaning,Pillar page,Informational,Informational,text
operational technology,2400,Cybersecurity Practices,Operational Technology Overview,Understanding Operational Technology,Pillar page,Informational,Informational,text
malvertising,1900,Threat Management,Malvertising Explained,Understanding Malvertising Concepts,Pillar page,Informational,Informational,text
pen testing services,1900,Threat Management,Penetration Testing Overview,Choosing Pen Testing Services,Supporting,Transactional,Transactional,text
phishing attacks,1900,Threat Management,Spear Phishing Overview,Types of Phishing Attacks Explained,Supporting,Informational,Informational,text
life cycle development definition,1600,Cybersecurity Practices,Life Cycle Development,Understanding Life Cycle Development,Pillar page,Informational,Informational,text
web application security testing,1600,Cybersecurity Practices,Application Security Solutions,Web Application Security Assessment Guide,Supporting,Mixed,Transactional,text
what is data integrity,1600,Cybersecurity Practices,Data Integrity Overview,Understanding Data Integrity,Pillar page,Informational,Informational,text
mssp meaning,1600,Cybersecurity Services,MSSP Overview,Understanding MSSP Meaning,Pillar page,Informational,Informational,text
managed soc,1600,Cybersecurity Services,SOC as a Service,Exploring Managed SOC Services,Pillar page,Commercial,Commercial,text
whaling attack,1300,Threat Management,Whaling Cybersecurity,Understanding Whaling Attacks,Pillar page,Informational,Informational,text
zero trust model,1300,Security Management,Zero Trust Security,Exploring Zero Trust Architecture,Pillar page,Informational,Informational,text
what is a cve,1300,Threat Management,CVE Vulnerability Insights,What Is a CVE?,Pillar page,Informational,Informational,text
cyber intelligence,1300,Threat Management,Threat Intelligence Solutions,Understanding Cyber Threat Intelligence,Supporting,Mixed,Informational,text
what is ndr,1300,Threat Management,NDR Insights,Understanding NDR Meaning,Pillar page,Informational,Informational,text
aws security best practices,1300,Cybersecurity Practices,Cloud Security Strategies,Cloud Security Best Practices Guide,Pillar page,Informational,Informational,text
ransomware prevention,1300,Threat Management,Ransomware Awareness,Effective Ransomware Protection Solutions,Supporting,Mixed,Informational,text
fisma compliance,1300,Compliance and Governance,FISMA Compliance,Understanding FISMA Compliance,Pillar page,Informational,Informational,text
least privilege access,1300,Security Management,Least Privilege Access,Understanding Least Privilege Principle,Pillar page,Informational,Informational,text
managed soc services,1300,Cybersecurity Services,SOC as a Service,Exploring Managed SOC Services,Pillar page,Commercial,Transactional,text
nist frameworks,1000,Compliance and Governance,NIST Cybersecurity Framework,Understanding NIST Frameworks,Pillar page,Informational,Informational,text
advanced threat detection,1000,Threat Management,Advanced Threat Protection,Advanced Threat Protection Solutions,Pillar page,Commercial,Commercial,text
sdlc definition,1000,Miscellaneous,Software Development Life Cycle,Understanding SDLC Meaning,Supporting,Informational,Informational,text
soar tools,1000,Cybersecurity Services,SOAR in Cybersecurity,Essential SOAR Tools for Automation,Supporting,Commercial,Commercial,text
penetration testing company,1000,Threat Management,Penetration Testing Overview,Choosing Pen Testing Services,Supporting,Transactional,Transactional,text
waf web application firewall,1000,Cybersecurity Practices,Application Security Solutions,Understanding Web Application Firewalls,Pillar page,Commercial,Commercial,text
what is pentesting,1000,Threat Management,Penetration Testing Overview,What Is Penetration Testing?,Supporting,Informational,Informational,text
what is a waf,1000,Cybersecurity Practices,WAF Security Solutions,Understanding Web Application Firewalls,Pillar page,Informational,Informational,text
iocs,1000,Threat Management,Indicators of Compromise,Understanding IOCs in Cybersecurity,Pillar page,Informational,Informational,text
what is asm,1000,Cybersecurity Services,ASM Security Solutions,Definition and Overview of ASM,Pillar page,Informational,Informational,text
security vulnerability assessment,880,Threat Management,Vulnerability Management,Vulnerability Assessment Solutions,Pillar page,Commercial,Transactional,text
identity threat detection and response,880,Threat Management,Threat Detection Solutions,Identity Threat Detection Solutions,Supporting,Commercial,Commercial,text
siem security tool,880,Cybersecurity Services,SIEM Overview,Popular SIEM Tools Explained,Supporting,Informational,Commercial,text
sql injections,880,Threat Management,SQL Injection Overview,Types of SQL Injections,Supporting,Informational,Informational,text
sql injection meaning,880,Threat Management,SQL Injection Overview,SQL Injection Definition Explained,Pillar page,Informational,Informational,text
siem security tools,880,Cybersecurity Services,SIEM Overview,Popular SIEM Tools Explained,Supporting,Informational,Commercial,text
vulnerability management program,880,Threat Management,Vulnerability Management,Vulnerability Management Best Practices,Supporting,Informational,Transactional,text
external attack surface management,880,Security Management,Attack Surface Management,External Attack Surface Management Overview,Supporting,Commercial,Commercial,text
siem products,880,Cybersecurity Services,SIEM Overview,Top SIEM Solutions Available,Supporting,Commercial,Commercial,text
exposure management,880,Risk Management,Threat Exposure Management,Top Exposure Management Solutions,Pillar page,Commercial,Commercial,text
security incident and event management system,880,Cybersecurity Services,SIEM Overview,Overview of Security Information Management,Supporting,Informational,Commercial,text
spoofing attack,880,Threat Management,Spoofing Explained,Understanding Spoofing Attacks,Pillar page,Informational,Informational,text
open source intelligence framework,880,Threat Management,Open Source Intelligence,Understanding Open Source Intelligence,Pillar page,Informational,Informational,text
ioc cybersecurity,880,Cybersecurity Practices,Cybersecurity Innovations,Indicators of Compromise in Cybersecurity,Supporting,Informational,Informational,text
soar platform,880,Cybersecurity Services,SOAR in Cybersecurity,Best SOAR Platforms Reviewed,Supporting,Commercial,Commercial,text
security vulnerability,880,Threat Management,Vulnerability Management,Security Vulnerabilities Overview,Supporting,Informational,Informational,text
vulnerability management solutions,880,Threat Management,Vulnerability Management,Vulnerability Management Overview,Supporting,Commercial,Commercial,text
devsecops definition,880,Cybersecurity Practices,DevSecOps Overview,Defining DevSecOps Services,Pillar page,Informational,Informational,text
container security tools,880,Cybersecurity Practices,Container Security Essentials,Top Container Security Solutions,Pillar page,Commercial,Commercial,text
cloud workload protection,880,Cybersecurity Practices,Cloud Security Solutions,Cloud Workload Protection Explained,Supporting,Mixed,Commercial,text
arbitrary code execution,880,Threat Management,Remote Code Execution,Arbitrary Code Execution Explained,Supporting,Informational,Informational,text
vulnerability scanner tools,880,Threat Management,Vulnerability Management,Vulnerability Scanning Tools Explained,Supporting,Commercial,Commercial,text
what is network segmentation,880,Security Management,Network Segmentation Guide,Understanding Network Segmentation,Pillar page,Informational,Informational,text
cloud detection and response,880,Cybersecurity Practices,Cloud Security Solutions,Cloud Detection and Response Explained,Supporting,Informational,Commercial,text
vulnerability remediation,880,Threat Management,Vulnerability Management,Vulnerability Remediation Process,Supporting,Mixed,Transactional,text
what is threat intelligence,880,Threat Management,Threat Intelligence Solutions,What Is Threat Intelligence?,Supporting,Informational,Informational,text
cloud security monitoring,880,Cybersecurity Practices,Cloud Security Solutions,Importance of Cloud Security Monitoring,Supporting,Commercial,Commercial,text
vulnerability manager,880,Threat Management,Vulnerability Management,Vulnerability Management Overview,Supporting,Commercial,Commercial,text
devsecops best practices,880,Cybersecurity Practices,DevSecOps Overview,Best Practices for DevSecOps,Supporting,Informational,Informational,text
what is cspm,880,Cybersecurity Practices,Cloud Security Posture Management,CSPM Tools and Vendors Overview,Pillar page,Commercial,Informational,text
vulnerabilty scanner,880,Threat Management,Vulnerability Management,Vulnerability Scanning Tools Explained,Supporting,Commercial,Informational,text
cloud native application protection platform,880,Cybersecurity Practices,Cloud Security Solutions,Exploring Cloud Native Security,Supporting,Commercial,Commercial,text
network vulnerability scanner,720,Threat Management,Vulnerability Management,Vulnerability Scanning Tools Explained,Supporting,Commercial,Commercial,text
threat intelligence solutions,720,Threat Management,Threat Intelligence Solutions,Top Threat Intelligence Platforms,Pillar page,Commercial,Commercial,text
cyber threat intelligence platform,720,Threat Management,Threat Intelligence Solutions,Understanding Cyber Threat Intelligence,Supporting,Mixed,Commercial,text
cis framework,720,Compliance and Governance,CIS Security Framework,Understanding The CIS Framework,Pillar page,Informational,Informational,text
ngav,720,Cybersecurity Services,NGAV Overview,Understanding NGAV Solutions,Pillar page,Mixed,Commercial,text
what is spoofing in cyber security,720,Threat Management,Spoofing Explained,Spoofing in Cyber Security Explained,Supporting,Informational,Informational,text
what is soar in cyber security,720,Cybersecurity Services,SOAR in Cybersecurity,SOAR Security Tools Overview,Pillar page,Mixed,Informational,text
identity and access management tools,720,Security Management,Identity Access Management,Comprehensive IAM Tools Guide,Supporting,Commercial,Commercial,text
identity and access management system,720,Security Management,Identity Access Management,Comprehensive IAM Tools Guide,Supporting,Commercial,Commercial,text
sql vulnerability,720,Threat Management,SQL Injection Overview,Identifying SQL Vulnerabilities,Supporting,Informational,Informational,text
infrastructure as a code,720,Cybersecurity Practices,Infrastructure as Code,Understanding Infrastructure As Code,Pillar page,Informational,Informational,text
mdr service,720,Cybersecurity Services,MDR Cybersecurity Solutions,Top MDR Service Providers,Supporting,Commercial,Commercial,text
infrastructure as code tools,720,Cybersecurity Practices,Infrastructure as Code,Understanding Infrastructure As Code,Pillar page,Informational,Commercial,text
siem definition,720,Cybersecurity Services,SIEM Overview,Understanding SIEM Meaning,Pillar page,Informational,Informational,text
security vulnerabilities,720,Threat Management,Vulnerability Management,Security Vulnerabilities Overview,Supporting,Informational,Informational,text
caasm,720,Cybersecurity Practices,CaaS Security Insights,Understanding CAASM Concepts,Pillar page,Mixed,Commercial,text
what is attack surface management,720,Security Management,Attack Surface Management,External Attack Surface Management Overview,Supporting,Commercial,Informational,text
lateral movement meaning,720,Threat Management,Lateral Movement Concepts,Understanding Lateral Movement,Pillar page,Informational,Informational,text
dast scanning,720,Cybersecurity Practices,DAST Tools Overview,Best DAST Tools Comparison,Supporting,Commercial,Commercial,text
cloud workload protection platform,720,Cybersecurity Practices,Cloud Security Solutions,Cloud Workload Protection Explained,Supporting,Mixed,Commercial,text
application security software,720,Cybersecurity Practices,Application Security Solutions,Comprehensive Application Security Solutions,Supporting,Commercial,Commercial,text
cloud vulnerability management,720,Cybersecurity Practices,Cloud Security Solutions,Cloud Vulnerability Management Insights,Supporting,Mixed,Commercial,text
xdr vs siem,720,Cybersecurity Services,SIEM Comparisons,XDR Compared to SIEM,Pillar page,Informational,Informational,text
vulnerability prioritization,720,Threat Management,Vulnerability Management,Vulnerability Prioritization Techniques,Supporting,Mixed,Informational,text
dast scan,720,Cybersecurity Practices,DAST Tools Overview,Best DAST Tools Comparison,Supporting,Commercial,Informational,text
cloud security risks,720,Cybersecurity Practices,Cloud Security Solutions,Identifying Cloud Security Risks,Supporting,Informational,Informational,text
vulnerability mitigation,720,Threat Management,Vulnerability Management,Vulnerability Mitigation Strategies,Supporting,Informational,Informational,text
managed it security,720,Cybersecurity Services,Managed Security Solutions,Expert Managed IT Services,Pillar page,Commercial,Commercial,text
zero trust network architecture,720,Security Management,Zero Trust Security,Exploring Zero Trust Architecture,Pillar page,Informational,Informational,text
vulnerability management services,720,Threat Management,Vulnerability Management,Vulnerability Management Overview,Supporting,Commercial,Transactional,text
risk based vulnerability management,720,Threat Management,Vulnerability Management,Risk-Based Vulnerability Management,Supporting,Commercial,Informational,text
socaas,720,Cybersecurity Practices,SaaS Solutions,Understanding SocaaS Solutions,Pillar page,Commercial,Commercial,text
user and entity behavior analytics,720,Threat Management,User Behavior Analytics,User And Entity Behavior Analytics Overview,Supporting,Commercial,Commercial,text
security incident and event management,720,Cybersecurity Services,SIEM Overview,Overview of Security Information Management,Supporting,Informational,Informational,text
cnapp meaning,720,Cybersecurity Practices,CNAPP Overview,Understanding CNAPP Solutions,Pillar page,Commercial,Informational,text
vulnerability scanning tool,720,Threat Management,Vulnerability Management,Vulnerability Scanning Tools Explained,Supporting,Commercial,Transactional,text
xdr solutions,720,Cybersecurity Services,XDR Cybersecurity Solutions,Understanding XDR Solutions,Pillar page,Commercial,Commercial,text
managed threat detection and response,590,Cybersecurity Services,Managed Detection and Response,Managed Threat Detection Services Guide,Supporting,Commercial,Commercial,text
what is ioc,590,Threat Management,Indicators of Compromise,What Are IOCs Explained,Supporting,Informational,Informational,text
managed detection and response providers,590,Cybersecurity Services,Managed Detection and Response,Comprehensive Managed Detection Services,Pillar page,Commercial,Commercial,text
siem as a service,590,Cybersecurity Services,SIEM Overview,SIEM Management Services Explained,Supporting,Commercial,Commercial,text
what is identity and access management,590,Security Management,Identity Access Management,Comprehensive IAM Tools Guide,Supporting,Commercial,Informational,text
siem tooling,590,Cybersecurity Services,SIEM Overview,Popular SIEM Tools Explained,Supporting,Informational,Informational,text
cloud security providers,590,Cybersecurity Practices,Cloud Security Solutions,Top Cloud Security Solutions,Pillar page,Commercial,Commercial,text
siem soar,590,Cybersecurity Services,SOAR in Cybersecurity,SIEM and SOAR Relationship,Supporting,Informational,Informational,text
machine learning in cybersecurity,590,Cybersecurity Practices,Machine Learning in Cybersecurity,Machine Learning in Cybersecurity,Pillar page,Informational,Informational,text
managed security solutions,590,Cybersecurity Services,Managed Security Solutions,Top Managed Security Services,Supporting,Commercial,Commercial,text
what is dark web monitoring,590,Threat Management,Dark Web Insights,Dark Web Monitoring Explained,Supporting,Mixed,Informational,text
container security solutions,590,Cybersecurity Practices,Container Security Essentials,Top Container Security Solutions,Pillar page,Commercial,Commercial,text
what is api security,590,Cybersecurity Practices,API Security Solutions,API Security Explained,Supporting,Informational,Informational,text
siem platform,590,Cybersecurity Services,SIEM Overview,Top SIEM Solutions Available,Supporting,Commercial,Commercial,text
casb solution,590,Cybersecurity Practices,CASB Solutions,Exploring CASB Solutions and Vendors,Pillar page,Commercial,Commercial,text
cloud infrastructure entitlement management,590,Cybersecurity Practices,Cloud Security Solutions,Cloud Infrastructure Management Basics,Supporting,Mixed,Commercial,text
continuous vulnerability management,590,Threat Management,Vulnerability Management,Continuous Vulnerability Management,Supporting,Informational,Informational,text
brute force attack meaning,590,Threat Management,Brute Force Attacks,Understanding Brute Force Attacks,Pillar page,Informational,Informational,text
what is intrusion detection,590,Cybersecurity Services,Intrusion Detection Systems,Understanding Intrusion Detection Systems,Supporting,Informational,Informational,text
what is a vulnerability,590,Threat Management,Vulnerability Management,Understanding Vulnerabilities Defined,Supporting,Informational,Informational,text
managed security providers,590,Cybersecurity Services,Managed Security Solutions,Leading Managed Security Providers,Supporting,Commercial,Commercial,text
seim tool,590,Cybersecurity Services,SEIM Solutions,Top SEIM Tools Comparison,Supporting,Mixed,Transactional,text
google cloud security,590,Cybersecurity Practices,Cloud Security Solutions,Understanding Google Cloud Security,Supporting,Informational,Commercial,text
vulnerability assessments,590,Threat Management,Vulnerability Management,Vulnerability Assessment Solutions,Pillar page,Commercial,Informational,text
security orchestration,590,Cybersecurity Services,Security Orchestration Automation,Understanding Security Orchestration,Supporting,Mixed,Commercial,text
attack surface management tools,590,Security Management,Attack Surface Management,Top Attack Surface Management Solutions,Pillar page,Commercial,Commercial,text
network traffic monitoring,590,Threat Management,Network Traffic Analysis,Top Network Traffic Monitors,Pillar page,Commercial,Commercial,text
security managed,590,Cybersecurity Services,Managed Security Solutions,Security Managed Solutions,Supporting,Transactional,Transactional,text
penetration tests,590,Threat Management,Penetration Testing Overview,Comprehensive Penetration Tests,Supporting,Transactional,Transactional,text
penetration testing tool,590,Threat Management,Penetration Testing Overview,Top Penetration Testing Tools,Supporting,Mixed,Transactional,text
endpoint detection,590,Cybersecurity Practices,Endpoint Detection Solutions,Effective Endpoint Detection Strategies,Pillar page,Commercial,Commercial,text
cyber threat intelligence services,590,Threat Management,Threat Intelligence Solutions,Understanding Cyber Threat Intelligence,Supporting,Mixed,Transactional,text
dark web monitoring service,590,Threat Management,Dark Web Insights,Dark Web Monitoring Explained,Supporting,Mixed,Transactional,text
security event management,590,Cybersecurity Services,SIEM Overview,Overview of Security Information Management,Supporting,Informational,Commercial,text
what is ueba,590,Threat Management,UEBA Overview,Understanding UEBA Concepts,Pillar page,Informational,Informational,text
what is vulnerability assessment,590,Threat Management,Vulnerability Management,Vulnerability Assessment Solutions,Pillar page,Commercial,Informational,text
attack surface analysis,590,Security Management,Attack Surface Management,Comprehensive Attack Surface Analysis,Supporting,Mixed,Informational,text
pam privileged access management,590,Security Management,Privileged Access Management,Privileged Access Management Options,Pillar page,Commercial,Commercial,text
security penetration testing,590,Threat Management,Penetration Testing Overview,Types of Penetration Testing,Pillar page,Mixed,Transactional,text
security siem,590,Cybersecurity Services,SIEM Overview,Security Information Management Systems,Supporting,Commercial,Commercial,text
what is seim,590,Cybersecurity Services,SIEM Overview,Understanding SEIM vs SIEM,Supporting,Informational,Informational,text
seim tools,590,Cybersecurity Services,SEIM Solutions,Top SEIM Tools Comparison,Supporting,Mixed,Commercial,text
soar solutions,590,Cybersecurity Services,SOAR in Cybersecurity,Top SOAR Solutions and Services,Supporting,Commercial,Commercial,text
vulnerability management best practices,590,Threat Management,Vulnerability Management,Vulnerability Management Best Practices,Supporting,Informational,Informational,text
dlp data loss,590,Cybersecurity Practices,Data Loss Prevention,Top DLP Security Solutions,Supporting,Commercial,Commercial,text
dynamic application security testing tools,590,Cybersecurity Practices,Application Security Testing,Understanding Dynamic Application Security Testing,Pillar page,Commercial,Commercial,text
iac security,590,Cybersecurity Practices,Infrastructure as Code,IAC Meaning and Security Insights,Supporting,Informational,Commercial,text
asset discovery,480,Risk Management,IT Asset Management,Best Asset Discovery Software,Supporting,Commercial,Commercial,text
siem vendors,480,Cybersecurity Services,SIEM Overview,Top SIEM Solutions Available,Supporting,Commercial,Commercial,text
managed threat detection,480,Cybersecurity Services,Managed Detection and Response,Managed Threat Detection Services Guide,Supporting,Commercial,Transactional,text
cloud migration security,480,Cybersecurity Practices,Cloud Security Solutions,Securing Cloud Migration Processes,Supporting,Mixed,Commercial,text
soar platforms,480,Cybersecurity Services,SOAR in Cybersecurity,Best SOAR Platforms Reviewed,Supporting,Commercial,Commercial,text
privilege access management,480,Security Management,Privileged Access Management,Privileged Access Management Options,Pillar page,Commercial,Commercial,text
pci dss compliance requirements,480,Compliance and Governance,PCI Compliance Solutions,Understanding PCI DSS Compliance,Supporting,Mixed,Informational,text
security event information management system,480,Cybersecurity Services,SIEM Overview,Overview of Security Information Management,Supporting,Informational,Commercial,text
managed siem services,480,Cybersecurity Services,SIEM Overview,Managed SIEM Services Overview,Supporting,Commercial,Transactional,text
advanced persistent threat attacks,480,Threat Management,Advanced Threat Protection,Understanding Advanced Persistent Threats,Supporting,Informational,Informational,text
what is identity and access management iam,480,Security Management,Identity Access Management,Comprehensive IAM Tools Guide,Supporting,Commercial,Informational,text
best siem tools,480,Cybersecurity Services,SIEM Overview,Best SIEM Tools and Solutions,Supporting,Commercial,Commercial,text
siem services,480,Cybersecurity Services,SIEM Overview,Top SIEM Solutions Available,Supporting,Commercial,Transactional,text
cloud based siem,480,Cybersecurity Services,SIEM Overview,Cloud-Based SIEM Solutions,Supporting,Commercial,Commercial,text
ndr solutions,480,Threat Management,NDR Insights,Top NDR Solutions Available,Supporting,Commercial,Commercial,text
mdr security services,480,Cybersecurity Services,MDR Cybersecurity Solutions,MDR Security Services Overview,Supporting,Mixed,Transactional,text
siem cybersecurity,480,Cybersecurity Services,SIEM Overview,SIEM in Cybersecurity Context,Supporting,Mixed,Commercial,text
ndr security,480,Threat Management,NDR Insights,NDR in Cyber Security Explained,Supporting,Mixed,Commercial,text
what is operational technology,480,Cybersecurity Practices,Operational Technology Overview,Understanding Operational Technology,Pillar page,Informational,Informational,text
mdr tools,480,Cybersecurity Services,MDR Cybersecurity Solutions,MDR Tools and Monitoring,Supporting,Mixed,Commercial,text
mitm attacks,480,Threat Management,Man-in-the-Middle Attacks,Overview Of MITM Attack Types,Supporting,Informational,Informational,text
siem acronym,480,Cybersecurity Services,SIEM Overview,Understanding SIEM Meaning,Pillar page,Informational,Informational,text
multi factor authentication definition,480,Security Management,Multi-Factor Authentication,Understanding Multi-Factor Authentication,Pillar page,Mixed,Informational,text
siem monitoring,480,Cybersecurity Services,SIEM Overview,SIEM Monitoring and Alerts,Supporting,Mixed,Commercial,text
patch management program,480,Threat Management,Patch Management Strategies,Comprehensive Patch Management Solutions,Pillar page,Commercial,Commercial,text
managed threat hunting,480,Cybersecurity Services,Managed Detection and Response,Introduction to Managed Threat Hunting,Supporting,Commercial,Commercial,text
what is managed detection and response,480,Cybersecurity Services,Managed Detection and Response,Comprehensive Managed Detection Services,Pillar page,Commercial,Informational,text
attack surface monitoring,480,Security Management,Attack Surface Management,Comprehensive Attack Surface Analysis,Supporting,Mixed,Commercial,text
what is mdr in cyber security,480,Cybersecurity Services,MDR Cybersecurity Solutions,MDR in Cybersecurity Explained,Supporting,Commercial,Informational,text
next generation antivirus,480,Cybersecurity Services,Next Generation Antivirus,Next Generation Antivirus Solutions,Pillar page,Commercial,Commercial,text
what is mitm,480,Threat Management,Man-in-the-Middle Attacks,Introduction To MITM Attacks,Supporting,Informational,Informational,text
managed detection response,480,Cybersecurity Services,Managed Detection and Response,Comprehensive Managed Detection Services,Pillar page,Commercial,Commercial,text
ueba security,480,Threat Management,UEBA Overview,Top UEBA Security Solutions,Supporting,Commercial,Commercial,text
threat intel platform,480,Threat Management,Threat Intelligence Solutions,Top Threat Intelligence Platforms,Pillar page,Commercial,Commercial,text
spear phishing examples,480,Threat Management,Spear Phishing Overview,Understanding Spear Phishing Attacks,Pillar page,Informational,Informational,text
machine learning and cyber security,480,Cybersecurity Practices,Machine Learning in Cybersecurity,Machine Learning in Cybersecurity,Pillar page,Informational,Informational,text
cnapp security,480,Cybersecurity Practices,CNAPP Overview,Understanding CNAPP Solutions,Pillar page,Commercial,Commercial,text
kspm,480,Cybersecurity Practices,KSPM Overview,Understanding KSPM Basics,Pillar page,Mixed,Commercial,text
what is cloud security posture management,480,Cybersecurity Practices,Cloud Security Solutions,What Is Cloud Security Posture Management?,Supporting,Commercial,Informational,text
solution siem,480,Cybersecurity Services,SIEM Overview,SIEM Solutions Overview,Supporting,Commercial,Commercial,text
what is ctem,480,Cybersecurity Services,CTEM Cybersecurity Solutions,Understanding CTEM Framework,Supporting,Informational,Informational,text
software development life cycle sdlc,480,Miscellaneous,Software Development Life Cycle,Overview of Software Development Life Cycle,Pillar page,Informational,Informational,text
ueba tools,480,Cybersecurity Services,Security Analytics Tools,Top Ueba Tools Overview,Pillar page,Commercial,Commercial,text
what is ciem,480,Cybersecurity Practices,CIEM Overview,What Is CIEM Explained,Supporting,Informational,Informational,text
soc service,480,Security Management,SOC Reporting Insights,Understanding SOC Services,Supporting,Commercial,Commercial,text
vulnerability assessment solutions,480,Threat Management,Vulnerability Management,Vulnerability Assessment Solutions,Pillar page,Commercial,Commercial,text
vulnerability management tool,480,Threat Management,Vulnerability Management,Vulnerability Management Overview,Supporting,Commercial,Commercial,text
what is an exploit,480,Threat Management,Exploit Resources,What Is An Exploit?,Supporting,Informational,Informational,text
managed detection and response mdr,480,Cybersecurity Services,Managed Detection and Response,Comprehensive Managed Detection Services,Pillar page,Commercial,Commercial,text
sql injection examples,480,Threat Management,SQL Injection Overview,Common SQL Injection Examples,Supporting,Informational,Informational,text
enterprise vulnerability management,480,Threat Management,Vulnerability Management,Enterprise Vulnerability Management,Supporting,Commercial,Commercial,text
threat intel,480,Threat Management,Threat Intelligence Solutions,Top Threat Intelligence Platforms,Pillar page,Commercial,Commercial,text
it asset discovery tools,480,Risk Management,IT Asset Management,Top IT Asset Discovery Tools,Supporting,Commercial,Commercial,text
what is a threat actor,390,Threat Management,Threat Modeling Concepts,Exploring Threat Actors,Supporting,Informational,Informational,text
dark web protection,390,Threat Management,Dark Web Insights,Effective Dark Web Protection,Supporting,Commercial,Commercial,text
internet of things for security,390,Cybersecurity Practices,IoT Security Solutions,Understanding IoT Security Basics,Pillar page,Informational,Informational,text
penetration testing meaning,390,Threat Management,Penetration Testing Overview,Meaning of Penetration Testing,Supporting,Informational,Informational,text
arbitrary remote code execution,390,Threat Management,Remote Code Execution,Arbitrary Code Execution Explained,Supporting,Informational,Informational,text
what is a threat model,390,Threat Management,Threat Modeling Concepts,Defining Threat Models,Supporting,Informational,Informational,text
network vulnerability management,390,Threat Management,Vulnerability Management,Network Vulnerability Management Guide,Supporting,Informational,Informational,text
what is siem technology,390,Cybersecurity Services,SIEM Overview,What Is SIEM Technology?,Supporting,Informational,Informational,text
what are advanced persistent threats,390,Threat Management,Advanced Threat Protection,Understanding Advanced Persistent Threats,Supporting,Informational,Informational,text
iac scanning,390,Cybersecurity Practices,Infrastructure as Code,Guide to IAC Scanning Techniques,Supporting,Informational,Informational,text
azure cloud security,390,Cybersecurity Practices,Cloud Security Strategies,AWS vs Azure Cloud Security,Supporting,Informational,Informational,text
top siem tools,390,Cybersecurity Services,SIEM Overview,Best SIEM Tools and Solutions,Supporting,Commercial,Commercial,text
threat detection software,390,Threat Management,Threat Detection Solutions,Top Threat Detection Software,Pillar page,Commercial,Commercial,text
threat exposure management,390,Risk Management,Threat Exposure Management,Exploring Threat Exposure Management Platforms,Supporting,Mixed,Informational,text
what is xdr in cyber security,390,Cybersecurity Services,XDR Cybersecurity Solutions,XDR in Cybersecurity Overview,Supporting,Commercial,Informational,text
mdr vs siem,390,Cybersecurity Services,SIEM Comparisons,MDR and SIEM Comparison,Supporting,Informational,Informational,text
identity and access management platform,390,Security Management,Identity Access Management,Comprehensive IAM Tools Guide,Supporting,Commercial,Commercial,text
best siem,390,Cybersecurity Services,SIEM Overview,Best SIEM Tools and Solutions,Supporting,Commercial,Commercial,text
cybersecurity risk management framework,390,Risk Management,Cybersecurity Risk Management,Cybersecurity Risk Management Framework Overview,Supporting,Informational,Informational,text
patch management solution,390,Threat Management,Patch Management Strategies,Comprehensive Patch Management Solutions,Pillar page,Commercial,Commercial,text
xdr cyber security,390,Cybersecurity Services,XDR Cybersecurity Solutions,XDR in Cybersecurity Overview,Supporting,Commercial,Informational,text
gcp security,390,Cybersecurity Practices,Cloud Security Solutions,Understanding Google Cloud Security,Supporting,Informational,Informational,text
mdr cyber security,390,Cybersecurity Services,MDR Cybersecurity Solutions,MDR Security Services Overview,Supporting,Mixed,Informational,text
what is an attack surface,390,Security Management,Attack Surface Management,What Is an Attack Surface?,Supporting,Informational,Informational,text
security operations center as a service,390,Cybersecurity Services,Managed Security Solutions,Security Operations Center Solutions,Supporting,Commercial,Commercial,text
machine learning for cyber security,390,Cybersecurity Practices,Machine Learning in Cybersecurity,Machine Learning in Cybersecurity,Pillar page,Informational,Informational,text
ai siem,390,Cybersecurity Services,SIEM Solutions,AI-Driven SIEM Tools Comparison,Supporting,Commercial,Commercial,text
zero day attack prevention,390,Threat Management,Zero Day Attacks,Understanding Zero Day Attacks,Pillar page,Informational,Informational,text
vulnerability management plan,390,Threat Management,Vulnerability Management,Vulnerability Management Best Practices,Supporting,Informational,Informational,text
digital threat intelligence,390,Threat Management,Digital Risk Protection,Understanding Digital Threat Intelligence,Supporting,Mixed,Informational,text
vulnerability management platform,390,Threat Management,Vulnerability Management,Vulnerability Management Overview,Supporting,Commercial,Commercial,text
cloud security posture management cspm,390,Cybersecurity Practices,Cloud Security Solutions,What Is Cloud Security Posture Management?,Supporting,Commercial,Commercial,text
cloud native application security,390,Cybersecurity Practices,Cloud Security Solutions,Exploring Cloud Native Security,Supporting,Commercial,Informational,text
cloud native security platform,390,Cybersecurity Practices,Cloud Security Solutions,Exploring Cloud Native Security,Supporting,Commercial,Commercial,text
cloud security definition,390,Cybersecurity Practices,Cloud Security Solutions,Defining Cloud Security Concepts,Supporting,Informational,Informational,text
next gen antivirus,390,Cybersecurity Services,Next Generation Antivirus,Next Generation Antivirus Solutions,Pillar page,Commercial,Commercial,text
mdr managed detection and response,390,Cybersecurity Services,Managed Detection and Response,Comprehensive Managed Detection Services,Pillar page,Commercial,Commercial,text
managed siem providers,390,Cybersecurity Services,SIEM Overview,Managed SIEM Services Overview,Supporting,Commercial,Commercial,text
cyber security orchestration,390,Cybersecurity Services,Security Orchestration Automation,Understanding Security Orchestration,Supporting,Mixed,Informational,text
siem stands for,390,Cybersecurity Services,SIEM Overview,Understanding SIEM Meaning,Pillar page,Informational,Informational,text
ciem security,390,Cybersecurity Practices,CIEM Overview,CIEM Security Overview,Supporting,Informational,Informational,text
siem server,390,Cybersecurity Services,SIEM Overview,Top SIEM Solutions Available,Supporting,Commercial,Commercial,text
what is lateral movement,390,Threat Management,Lateral Movement Concepts,Understanding Lateral Movement,Pillar page,Informational,Informational,text
application security monitoring,390,Cybersecurity Practices,Application Security Solutions,Application Security Monitoring Explained,Supporting,Commercial,Commercial,text
vulnerability risk management,390,Threat Management,Vulnerability Management,Vulnerability Management Best Practices,Supporting,Informational,Commercial,text
lateral movement cyber security,390,Threat Management,Lateral Movement Concepts,Lateral Movement in Cyber Security,Supporting,Informational,Informational,text
cnapp vendors,390,Cybersecurity Practices,CNAPP Overview,Top CNAPP Vendors,Supporting,Commercial,Commercial,text
attack surface management platform,390,Security Management,Attack Surface Management,Top Attack Surface Management Solutions,Pillar page,Commercial,Commercial,text
cnapp tools,390,Cybersecurity Practices,CNAPP Overview,Understanding CNAPP Solutions,Pillar page,Commercial,Commercial,text
siem logs,390,Cybersecurity Services,SIEM Overview,SIEM Logging and Management,Supporting,Informational,Informational,text
cyber security penetration testing,390,Threat Management,Penetration Testing Overview,Types of Penetration Testing,Pillar page,Mixed,Transactional,text
open xdr,320,Cybersecurity Services,XDR Cybersecurity Solutions,Exploring Open XDR Platforms,Supporting,Mixed,Commercial,text
cybersecurity and risk management,320,Risk Management,Cybersecurity Risk Management,Understanding Cyber Risk Management,Pillar page,Informational,Informational,text
next gen siem,320,Cybersecurity Services,SIEM Overview,Next Generation SIEM Overview,Supporting,Commercial,Commercial,text
security information management,320,Cybersecurity Services,SIEM Overview,Overview of Security Information Management,Supporting,Informational,Informational,text
security information and event manager,320,Cybersecurity Services,SIEM Overview,Overview of Security Information Management,Supporting,Informational,Commercial,text
security intelligence platform,320,Cybersecurity Services,SIEM Overview,Exploring Security Intelligence Platforms,Supporting,Mixed,Commercial,text
what is exposure management,320,Risk Management,Threat Exposure Management,Top Exposure Management Solutions,Pillar page,Commercial,Informational,text
attack surface discovery,320,Security Management,Attack Surface Management,Comprehensive Attack Surface Analysis,Supporting,Mixed,Commercial,text
risk management cybersecurity,320,Risk Management,Cybersecurity Risk Management,Understanding Cyber Risk Management,Pillar page,Informational,Informational,text
digital risk protection services,320,Threat Management,Digital Risk Protection,Digital Risk Protection Solutions,Pillar page,Commercial,Commercial,text
sast and dast tools,320,Cybersecurity Practices,DAST Tools Overview,Top SAST Tools Overview,Supporting,Commercial,Commercial,text
advanced threat prevention,320,Threat Management,Advanced Threat Protection,Advanced Threat Protection Solutions,Pillar page,Commercial,Commercial,text
dlp data loss protection,320,Cybersecurity Practices,Data Loss Prevention,Top DLP Security Solutions,Supporting,Commercial,Commercial,text
vulnerability examples,320,Threat Management,Vulnerability Management,Examples of Vulnerabilities,Supporting,Informational,Informational,text
privileged access management pam solutions,320,Security Management,Privileged Access Management,Privileged Access Management Options,Pillar page,Commercial,Commercial,text
security automation and orchestration,320,Cybersecurity Services,Security Orchestration Automation,Guide to SOAR and Automation,Pillar page,Informational,Commercial,text
dast tool,320,Cybersecurity Practices,DAST Tools Overview,Best DAST Tools Comparison,Supporting,Commercial,Commercial,text
application security solutions,320,Cybersecurity Practices,Application Security Solutions,Comprehensive Application Security Solutions,Supporting,Commercial,Commercial,text
xdr software,320,Cybersecurity Services,XDR Cybersecurity Solutions,Understanding XDR Solutions,Pillar page,Commercial,Commercial,text
user behavior analytics tools,320,Threat Management,User Behavior Analytics,Understanding User Behavior Analytics,Pillar page,Commercial,Commercial,text
patch management process,320,Threat Management,Patch Management Strategies,Comprehensive Patch Management Solutions,Pillar page,Commercial,Informational,text
types of threat intelligence,320,Threat Management,Threat Intelligence Solutions,Types of Threat Intelligence,Supporting,Informational,Informational,text
types of cyber attack,320,Threat Management,Malware Attacks Overview,Exploring Cyber Attack Types,Supporting,Informational,Informational,text
what is web application firewall,320,Cybersecurity Practices,Application Security Solutions,Understanding Web Application Firewalls,Pillar page,Commercial,Informational,text
what are vulnerabilities,320,Threat Management,Vulnerability Management,Understanding Vulnerabilities Defined,Supporting,Informational,Informational,text
cyber risk management platform,320,Risk Management,Cybersecurity Risk Management,Best Cyber Risk Management Platforms,Supporting,Commercial,Commercial,text
what is remote code execution,320,Threat Management,Remote Code Execution,Understanding Remote Code Execution,Pillar page,Informational,Informational,text
siem vs mdr,320,Cybersecurity Services,SIEM Comparisons,SIEM Against MDR Overview,Supporting,Informational,Informational,text
managed services security,320,Cybersecurity Services,Managed Security Solutions,Top Managed Security Services,Supporting,Commercial,Commercial,text
siem alerts,320,Cybersecurity Services,SIEM Overview,SIEM Monitoring and Alerts,Supporting,Mixed,Informational,text
mdr vs soc,320,Cybersecurity Services,MDR Cybersecurity Solutions,MDR vs SOC Comparison,Supporting,Informational,Informational,text
managed soc as a service,320,Cybersecurity Services,SOC as a Service,Exploring Managed SOC Services,Pillar page,Commercial,Commercial,text
log management system,320,Cybersecurity Services,Log Management Solutions,Top Log Management Solutions,Pillar page,Commercial,Commercial,text
cnapp solutions,320,Cybersecurity Practices,CNAPP Overview,Understanding CNAPP Solutions,Pillar page,Commercial,Commercial,text
web application scanner,320,Cybersecurity Practices,Application Security Solutions,Top Web Application Scanners,Supporting,Commercial,Commercial,text
mdr service providers,320,Cybersecurity Services,MDR Cybersecurity Solutions,Top MDR Service Providers,Supporting,Commercial,Commercial,text
what is a threat intelligence platform,320,Threat Management,Threat Intelligence Solutions,What Is Threat Intelligence?,Supporting,Informational,Informational,text
siem events,320,Cybersecurity Services,SIEM Overview,Understanding SIEM Events,Supporting,Informational,Informational,text
siem technology,320,Cybersecurity Services,SIEM Overview,Top SIEM Solutions Available,Supporting,Commercial,Informational,text
mdr pricing,320,Cybersecurity Services,MDR Cybersecurity Solutions,MDR Pricing Insights,Supporting,Mixed,Transactional,text
mdr platform,320,Cybersecurity Services,MDR Cybersecurity Solutions,Top MDR Service Providers,Supporting,Commercial,Commercial,text
managed vulnerability scanning,320,Threat Management,Vulnerability Management,Managed Vulnerability Services,Supporting,Commercial,Commercial,text
siem meaning cybersecurity,320,Cybersecurity Services,SIEM Overview,SIEM in Cybersecurity Context,Supporting,Mixed,Informational,text
what is an mdr,320,Cybersecurity Services,MDR Cybersecurity Solutions,Understanding MDR Concepts,Supporting,Informational,Informational,text
what is cloud access security broker,320,Cybersecurity Practices,CASB Solutions,Understanding Cloud Access Security Brokers,Supporting,Commercial,Informational,text
cloud workload,320,Cybersecurity Practices,Cloud Security Solutions,Cloud Workload Protection Explained,Supporting,Mixed,Informational,text
what is data leakage protection,320,Cybersecurity Practices,Data Loss Prevention,Overview of Data Leakage Protection,Supporting,Commercial,Informational,text
managed detection and response vendors,320,Cybersecurity Services,Managed Detection and Response,Comprehensive Managed Detection Services,Pillar page,Commercial,Commercial,text
what is dynamic application security testing,320,Cybersecurity Practices,Application Security Testing,Understanding Dynamic Application Security Testing,Pillar page,Commercial,Informational,text
network telemetry,320,Threat Management,Network Telemetry Insights,Introduction to Network Telemetry,Pillar page,Informational,Informational,text
attack surface management vendors,320,Security Management,Attack Surface Management,Top Attack Surface Management Solutions,Pillar page,Commercial,Commercial,text
threat intelligence management,320,Threat Management,Threat Intelligence Solutions,Top Threat Intelligence Platforms,Pillar page,Commercial,Commercial,text
attack surface mapping,320,Security Management,Attack Surface Management,Comprehensive Attack Surface Analysis,Supporting,Mixed,Informational,text
managed detection and response solutions,320,Cybersecurity Services,Managed Detection and Response,Comprehensive Managed Detection Services,Pillar page,Commercial,Commercial,text
what are siem tools,320,Cybersecurity Services,SIEM Overview,What Is SIEM Technology?,Supporting,Informational,Informational,text
backdoor attack,320,Threat Management,Backdoor Cybersecurity,Understanding Backdoor Attacks,Supporting,Informational,Informational,text
iam technology,320,Security Management,Identity Access Management,Exploring IAM Technology,Supporting,Informational,Informational,text
iam platform,320,Security Management,Identity Access Management,Best IAM Platforms Reviewed,Supporting,Commercial,Commercial,text
continuous attack surface management,320,Security Management,Attack Surface Management,Continuous Attack Surface Monitoring Explained,Supporting,Commercial,Commercial,text
managed security operations center,320,Cybersecurity Services,Managed Security Solutions,Managed Security Operations Overview,Supporting,Mixed,Commercial,text
what is identity access management,260,Security Management,Identity Access Management,Comprehensive IAM Tools Guide,Supporting,Commercial,Informational,text
siem vs log management,260,Cybersecurity Services,SIEM Overview,SIEM Logging and Management,Supporting,Informational,Informational,text
vulnerability management solution,260,Threat Management,Vulnerability Management,Vulnerability Management Overview,Supporting,Commercial,Commercial,text
siem vs soc,260,Cybersecurity Services,SIEM Overview,SIEM and SOC Comparison,Supporting,Informational,Informational,text
vulnerability patching,260,Threat Management,Patch Management Strategies,Vulnerability and Security Patching,Supporting,Mixed,Transactional,text
xdr tools,260,Cybersecurity Services,XDR Cybersecurity Solutions,Understanding XDR Solutions,Pillar page,Commercial,Commercial,text
siem providers,260,Cybersecurity Services,SIEM Overview,Top SIEM Solutions Available,Supporting,Commercial,Commercial,text
security threat modeling,260,Threat Management,Threat Modeling Concepts,Security Threat Modeling Overview,Supporting,Informational,Informational,text
security information and event management siem tools,260,Cybersecurity Services,SIEM Overview,Security Information Management Systems,Supporting,Commercial,Commercial,text
what is soc as a service,260,Cybersecurity Services,SOC as a Service,Understanding SOC as a Service,Supporting,Commercial,Informational,text
security information event management,260,Cybersecurity Services,SIEM Overview,Overview of Security Information Management,Supporting,Informational,Informational,text
what is shift left security,260,Cybersecurity Practices,Shift Left Security,Understanding Shift Left Security,Pillar page,Informational,Informational,text
security mdr,260,Cybersecurity Services,MDR Cybersecurity Solutions,MDR in Cybersecurity Explained,Supporting,Commercial,Commercial,text
security log management,260,Cybersecurity Services,Log Management Solutions,Security Log Management Essentials,Supporting,Commercial,Commercial,text
shadow it examples,260,Risk Management,Shadow IT Overview,Understanding Shadow IT Examples,Supporting,Informational,Informational,text
siem management services,260,Cybersecurity Services,SIEM Overview,SIEM Management Services Explained,Supporting,Commercial,Transactional,text
siem in cyber security,260,Cybersecurity Services,SIEM Overview,SIEM in Cybersecurity Context,Supporting,Mixed,Informational,text
siem benefits,260,Cybersecurity Services,SIEM Overview,Benefits of Using SIEM,Supporting,Informational,Informational,text
shared responsibility model for cloud security,260,Cybersecurity Practices,Cloud Security Responsibility,Cloud Security Shared Responsibility Model,Supporting,Informational,Informational,text
sql injector,260,Threat Management,SQL Injection Overview,Types of SQL Injections,Supporting,Informational,Informational,text
siem architecture,260,Cybersecurity Services,SIEM Overview,Top SIEM Solutions Available,Supporting,Commercial,Informational,text
supply chain attack examples,260,Threat Management,Supply Chain Attacks,Understanding Supply Chain Attacks,Pillar page,Informational,Informational,text
risk management cyber security,260,Risk Management,Cybersecurity Risk Management,Understanding Cyber Risk Management,Pillar page,Informational,Informational,text
digital risk protection solutions,260,Threat Management,Digital Risk Protection,Digital Risk Protection Solutions,Pillar page,Commercial,Commercial,text
attack surface management vs vulnerability management,260,Security Management,Attack Surface Management,Top Attack Surface Management Solutions,Pillar page,Commercial,Informational,text
network traffic analyzer,260,Threat Management,Network Traffic Analysis,Essential Network Traffic Analysis Tools,Supporting,Commercial,Commercial,text
cyber exposure management,260,Risk Management,Cybersecurity Risk Management,Cyber Exposure Management Strategies,Supporting,Commercial,Commercial,text
attack path analysis,260,Security Management,Attack Surface Management,Exploring Attack Path Management,Supporting,Informational,Informational,text
attack surface cyber security,260,Security Management,Attack Surface Management,Comprehensive Attack Surface Analysis,Supporting,Mixed,Informational,text
attack surface management solutions,260,Security Management,Attack Surface Management,Top Attack Surface Management Solutions,Pillar page,Commercial,Commercial,text
ctem cybersecurity,260,Cybersecurity Services,CTEM Cybersecurity Solutions,CTEM in Cybersecurity Explained,Supporting,Informational,Informational,text
cyber asset attack surface management,260,Security Management,Attack Surface Management,External Attack Surface Management Overview,Supporting,Commercial,Commercial,text
dlp data leak prevention,260,Cybersecurity Practices,Data Loss Prevention,Top DLP Security Solutions,Supporting,Commercial,Commercial,text
container security tool,260,Cybersecurity Practices,Container Security Essentials,Top Container Security Solutions,Pillar page,Commercial,Commercial,text
cloud security basics,260,Cybersecurity Practices,Cloud Security Solutions,Cloud Security Fundamentals Guide,Supporting,Informational,Informational,text
managed vulnerability management,260,Threat Management,Vulnerability Management,Managed Vulnerability Services,Supporting,Commercial,Commercial,text
managed threat intelligence,260,Threat Management,Threat Intelligence Solutions,Managed Threat Intelligence Services,Supporting,Commercial,Commercial,text
mdr provider,260,Cybersecurity Services,MDR Cybersecurity Solutions,Top MDR Service Providers,Supporting,Commercial,Commercial,text
remote code execution vulnerability,260,Threat Management,Remote Code Execution,Understanding Remote Code Execution,Pillar page,Informational,Informational,text
application vulnerability management,260,Threat Management,Vulnerability Management,Application Vulnerability Management,Supporting,Mixed,Commercial,text
identity threat protection,260,Threat Management,Threat Detection Solutions,Identity Threat Detection Solutions,Supporting,Commercial,Commercial,text
cloud workload protection platforms,260,Cybersecurity Practices,Cloud Security Solutions,Cloud Workload Protection Explained,Supporting,Mixed,Commercial,text
cloud-native application protection platform,260,Cybersecurity Practices,Cloud Security Solutions,Exploring Cloud Native Security,Supporting,Commercial,Commercial,text
reducing attack surface,260,Security Management,Attack Surface Management,Strategies for Attack Surface Reduction,Supporting,Informational,Informational,text
itdr security,260,Cybersecurity Services,ITDR Solutions,Top ITDR Security Solutions,Pillar page,Commercial,Commercial,text
red team pen testing,260,Threat Management,Red Teaming Concepts,Red Team Testing Services Overview,Supporting,Mixed,Informational,text
managed siem solutions,260,Cybersecurity Services,SIEM Overview,Managed SIEM Services Overview,Supporting,Commercial,Commercial,text
cyber attack surface management,210,Security Management,Attack Surface Management,External Attack Surface Management Overview,Supporting,Commercial,Commercial,text
what is a mssp,210,Cybersecurity Services,MSSP Overview,Understanding MSSP Meaning,Pillar page,Informational,Informational,text
what is cloud compliance,210,Cybersecurity Practices,Cloud Security Solutions,Cloud Security and Compliance Overview,Supporting,Informational,Informational,text
cloud shared responsibility model,210,Cybersecurity Practices,Cloud Security Responsibility,Cloud Security Shared Responsibility Model,Supporting,Informational,Informational,text
siem implementation,210,Cybersecurity Services,SIEM Overview,Top SIEM Solutions Available,Supporting,Commercial,Transactional,text
siem managed service,210,Cybersecurity Services,SIEM Overview,SIEM Management Services Explained,Supporting,Commercial,Transactional,text
mdr in cyber security,210,Cybersecurity Services,MDR Cybersecurity Solutions,MDR Security Services Overview,Supporting,Mixed,Informational,text
threat intelligence feed,210,Threat Management,Threat Intelligence Solutions,Threat Intelligence Feed Providers,Supporting,Commercial,Commercial,text
managing cyber risk,210,Risk Management,Cybersecurity Risk Management,Understanding Cyber Risk Management,Pillar page,Informational,Informational,text
mdr benefits,210,Cybersecurity Services,MDR Cybersecurity Solutions,Benefits of MDR Solutions,Supporting,Mixed,Informational,text
managed patch management,210,Threat Management,Patch Management Strategies,Understanding Patch Management Basics,Supporting,Mixed,Transactional,text
vulnerability assessment solution,210,Threat Management,Vulnerability Management,Vulnerability Assessment Solutions,Pillar page,Commercial,Commercial,text
vulnerability management framework,210,Threat Management,Vulnerability Management,Vulnerability Management Best Practices,Supporting,Informational,Informational,text
kubernetes and security,210,Cybersecurity Practices,Kubernetes Security Solutions,Kubernetes Security Solutions Overview,Pillar page,Mixed,Informational,text
kerberoasting attack,210,Threat Management,Kerberoasting Security,Understanding Kerberoasting Attacks,Pillar page,Informational,Informational,text
vuln management tools,210,Threat Management,Vulnerability Management,Vulnerability Management Tools,Supporting,Commercial,Commercial,text
top siem solutions,210,Cybersecurity Services,SIEM Overview,Best SIEM Tools and Solutions,Supporting,Commercial,Commercial,text
external attack surface management definition,210,Security Management,Attack Surface Management,External Attack Surface Management Overview,Supporting,Commercial,Informational,text
what does siem stand for in cyber security,210,Cybersecurity Services,SIEM Overview,What Is SIEM Technology?,Supporting,Informational,Informational,text
managed detection response services,210,Cybersecurity Services,Managed Detection and Response,Comprehensive Managed Detection Services,Pillar page,Commercial,Transactional,text
what are backdoors,210,Threat Management,Backdoor Cybersecurity,Exploring Backdoor Access,Pillar page,Informational,Informational,text
cyber security vulnerability,210,Threat Management,Vulnerability Management,Cybersecurity Vulnerability Assessments,Supporting,Informational,Informational,text
soar automation,210,Cybersecurity Services,SOAR in Cybersecurity,Essential SOAR Tools for Automation,Supporting,Commercial,Informational,text
soar in cyber security,210,Cybersecurity Services,SOAR in Cybersecurity,SOAR Security Tools Overview,Pillar page,Mixed,Informational,text
managed detection and response solution,210,Cybersecurity Services,Managed Detection and Response,Comprehensive Managed Detection Services,Pillar page,Commercial,Transactional,text
vulnerability management prioritization,210,Threat Management,Vulnerability Management,Vulnerability Prioritization Techniques,Supporting,Mixed,Informational,text
soar tool,210,Cybersecurity Services,SOAR in Cybersecurity,Essential SOAR Tools for Automation,Supporting,Commercial,Commercial,text
managed detection and response service,210,Cybersecurity Services,Managed Detection and Response,Comprehensive Managed Detection Services,Pillar page,Commercial,Transactional,text
vulnerability monitoring,210,Threat Management,Vulnerability Management,Vulnerability Testing Services,Supporting,Commercial,Commercial,text
digital risk monitoring,210,Threat Management,Digital Risk Protection,Digital Risk Protection Solutions,Pillar page,Commercial,Commercial,text
digital risk protection platform,210,Threat Management,Digital Risk Protection,Digital Risk Protection Solutions,Pillar page,Commercial,Commercial,text
siem cyber,210,Cybersecurity Services,SIEM Overview,SIEM in Cybersecurity Context,Supporting,Mixed,Navigational,text
siem cloud,210,Cybersecurity Services,SIEM Overview,Cloud-Based SIEM Solutions,Supporting,Commercial,Navigational,text
xdr definition,210,Cybersecurity Services,XDR Cybersecurity Solutions,Understanding XDR Solutions,Pillar page,Commercial,Informational,text
xdr cybersecurity,210,Cybersecurity Services,XDR Cybersecurity Solutions,XDR in Cybersecurity Overview,Supporting,Commercial,Commercial,text
security event and information management,210,Cybersecurity Services,SIEM Overview,Overview of Security Information Management,Supporting,Informational,Informational,text
ndr solution,210,Threat Management,NDR Insights,Top NDR Solutions Available,Supporting,Commercial,Commercial,text
what is security information and event management,210,Cybersecurity Services,SIEM Overview,Overview of Security Information Management,Supporting,Informational,Informational,text
aws cloud security best practices,210,Cybersecurity Practices,Cloud Security Strategies,Cloud Security Best Practices Guide,Pillar page,Informational,Informational,text
what is siem tool,210,Cybersecurity Services,SIEM Overview,What Is SIEM Technology?,Supporting,Informational,Informational,text
attack surface risk management,210,Security Management,Attack Surface Management,Top Attack Surface Management Solutions,Pillar page,Commercial,Commercial,text
network threat detection,210,Threat Management,Threat Detection Solutions,Network Threat Detection Explained,Supporting,Informational,Informational,text
security information and event management siem solutions,210,Cybersecurity Services,SIEM Overview,Security Information Management Systems,Supporting,Commercial,Commercial,text
attack surface management services,210,Security Management,Attack Surface Management,Top Attack Surface Management Solutions,Pillar page,Commercial,Transactional,text
what is threat detection,210,Threat Management,Threat Detection Solutions,What Is Threat Detection?,Supporting,Informational,Informational,text
security information event management siem platforms,210,Cybersecurity Services,SIEM Overview,Security Information Management Systems,Supporting,Commercial,Commercial,text
what is threat detection and response,210,Threat Management,Threat Detection Solutions,Understanding Threat Detection and Response,Supporting,Commercial,Informational,text
risk management in information technology security,210,Risk Management,Cybersecurity Risk Management,Risk Management in IT Security,Supporting,Informational,Informational,text
cloud native application protection platforms,210,Cybersecurity Practices,Cloud Security Solutions,Exploring Cloud Native Security,Supporting,Commercial,Commercial,text
cloud attack surface management,210,Cybersecurity Practices,Cloud Security Solutions,Managing Cloud Attack Surfaces,Supporting,Mixed,Commercial,text
risk management and cyber security,210,Risk Management,Cybersecurity Risk Management,Understanding Cyber Risk Management,Pillar page,Informational,Informational,text
casb cloud security,210,Cybersecurity Practices,CASB Solutions,Exploring CASB Solutions and Vendors,Pillar page,Commercial,Commercial,text
mdr technology,210,Cybersecurity Services,MDR Cybersecurity Solutions,Top MDR Service Providers,Supporting,Commercial,Commercial,text
vulnerability remediation process,170,Threat Management,Vulnerability Management,Vulnerability Remediation Process,Supporting,Mixed,Informational,text
risk management in cybersecurity,170,Risk Management,Cybersecurity Risk Management,Understanding Cyber Risk Management,Pillar page,Informational,Informational,text
osint def,170,Threat Management,Open Source Intelligence,What Is OSINT Explained,Supporting,Informational,Informational,text
soar vendors,170,Cybersecurity Services,SOAR in Cybersecurity,Leading SOAR Vendors Comparison,Supporting,Commercial,Commercial,text
dark web intelligence,170,Threat Management,Dark Web Insights,Insights Into Dark Web Intelligence,Supporting,Commercial,Commercial,text
threat intelligence solution,170,Threat Management,Threat Intelligence Solutions,Top Threat Intelligence Platforms,Pillar page,Commercial,Commercial,text
cybersecurity risk assessment tool,170,Risk Management,Cybersecurity Risk Management,Top Cybersecurity Risk Assessment Tools,Supporting,Commercial,Commercial,text
cybersecurity mdr,170,Cybersecurity Services,MDR Cybersecurity Solutions,MDR in Cybersecurity Explained,Supporting,Commercial,Commercial,text
detecting cyber threats,170,Threat Management,Threat Detection Solutions,Detecting Cyber Threats Effectively,Supporting,Informational,Informational,text
itdr solutions,170,Cybersecurity Services,ITDR Solutions,Top ITDR Security Solutions,Pillar page,Commercial,Commercial,text
reduce attack surface,170,Security Management,Attack Surface Management,Strategies for Attack Surface Reduction,Supporting,Informational,Informational,text
kerberoasting detection,170,Threat Management,Kerberoasting Security,Understanding Kerberoasting Attacks,Pillar page,Informational,Informational,text
xdr security solutions,170,Cybersecurity Services,XDR Cybersecurity Solutions,XDR in Cybersecurity Overview,Supporting,Commercial,Commercial,text
software vulnerability management,170,Threat Management,Vulnerability Management,Vulnerability Management Overview,Supporting,Commercial,Commercial,text
threat actor definition,170,Threat Management,Threat Modeling Concepts,Threat Actor Definition Explained,Supporting,Informational,Informational,text
digital threat protection,170,Threat Management,Digital Risk Protection,Understanding Digital Threat Intelligence,Supporting,Mixed,Commercial,text
what is zta,170,Security Management,ZTA Overview,Understanding Zero Trust Architecture,Pillar page,Informational,Informational,text
vulnerability management procedure,170,Threat Management,Vulnerability Management,Vulnerability Management Best Practices,Supporting,Informational,Informational,text
cloud risk management,170,Cybersecurity Practices,Cloud Security Solutions,Cloud Vulnerability Management Insights,Supporting,Mixed,Informational,text
siem managed services,170,Cybersecurity Services,SIEM Overview,SIEM Management Services Explained,Supporting,Commercial,Commercial,text
cwpp vs cspm,170,Cybersecurity Practices,Cloud Security Posture Management,CSPM vs CWPP Comparison Guide,Supporting,Informational,Informational,text
ctem vendors,170,Cybersecurity Practices,Cloud Security Vendors,Top CTEM Vendors Overview,Pillar page,Commercial,Commercial,text
siem in security,170,Cybersecurity Services,SIEM Overview,Top SIEM Solutions Available,Supporting,Commercial,Informational,text
what is a siem tool,170,Cybersecurity Services,SIEM Overview,What Is SIEM Technology?,Supporting,Informational,Informational,text
mdr as a service,170,Cybersecurity Services,MDR Cybersecurity Solutions,Top MDR Service Providers,Supporting,Commercial,Commercial,text
security vulnerability management solutions,170,Threat Management,Vulnerability Management,Vulnerability Management Overview,Supporting,Commercial,Commercial,text
security xdr,170,Cybersecurity Services,XDR Cybersecurity Solutions,XDR in Cybersecurity Overview,Supporting,Commercial,Commercial,text
siem security products,170,Cybersecurity Services,SIEM Overview,Top SIEM Solutions Available,Supporting,Commercial,Commercial,text
siem log,170,Cybersecurity Services,SIEM Overview,SIEM Logging and Management,Supporting,Informational,Informational,text
what is cwpp,170,Cybersecurity Practices,Cloud Security Posture Management,Understanding CWPP Security Solutions,Supporting,Informational,Informational,text
caasm security,170,Cybersecurity Practices,CaaS Security Insights,CAASM Security Insights,Supporting,Mixed,Commercial,text
what is api security testing,170,Cybersecurity Practices,API Security Solutions,API Security Explained,Supporting,Informational,Informational,text
mdr it,170,Cybersecurity Services,MDR Cybersecurity Solutions,MDR IT Solutions Overview,Supporting,Commercial,Commercial,text
caasm vendors,170,Cybersecurity Practices,CaaS Security Insights,Top CAASM Vendors,Supporting,Commercial,Commercial,text
siem managed service providers,170,Cybersecurity Services,SIEM Overview,SIEM Management Services Explained,Supporting,Commercial,Commercial,text
siem means,170,Cybersecurity Services,SIEM Overview,Understanding SIEM Meaning,Pillar page,Informational,Informational,text
what is cis in cyber security,170,Cybersecurity Practices,Cybersecurity Innovations,CIS in Cybersecurity Explained,Supporting,Informational,Informational,text
what is risk management in cyber security,170,Risk Management,Cybersecurity Risk Management,Understanding Cyber Risk Management,Pillar page,Informational,Informational,text
siem service,170,Cybersecurity Services,SIEM Overview,Top SIEM Solutions Available,Supporting,Commercial,Transactional,text
managed services for detection and response,170,Cybersecurity Services,Managed Detection and Response,Comprehensive Managed Detection Services,Pillar page,Commercial,Commercial,text
next gen av,170,Cybersecurity Services,Next Generation Antivirus,Overview of Next Gen AV,Supporting,Commercial,Commercial,text
cyber security risk assessment software,170,Risk Management,Cybersecurity Risk Management,Top Cybersecurity Risk Assessment Tools,Supporting,Commercial,Commercial,text
siem dashboard,170,Cybersecurity Services,SIEM Overview,SIEM Monitoring and Alerts,Supporting,Mixed,Transactional,text
cyber security detection and response,170,Threat Management,Threat Detection Solutions,Cyber Security Detection Strategies,Supporting,Commercial,Commercial,text
attack surface vs attack vector,170,Security Management,Attack Surface Management,Attack Surface vs Attack Vector Comparison,Supporting,Informational,Informational,text
web application security solutions,170,Cybersecurity Practices,Application Security Solutions,Web Application Security Assessment Guide,Supporting,Mixed,Commercial,text
cloud siem security,170,Cybersecurity Services,SIEM Overview,Cloud-Based SIEM Solutions,Supporting,Commercial,Commercial,text
managed threat response,170,Cybersecurity Services,Managed Detection and Response,Managed Threat Detection Services Guide,Supporting,Commercial,Commercial,text
siem full form,170,Cybersecurity Services,SIEM Overview,Understanding SIEM Meaning,Pillar page,Informational,Informational,text
siem applications,170,Cybersecurity Services,SIEM Overview,Top SIEM Solutions Available,Supporting,Commercial,Informational,text
what is digital risk protection,170,Threat Management,Digital Risk Protection,Digital Risk Protection Solutions,Pillar page,Commercial,Informational,text
ciem vendors,140,Cybersecurity Practices,Cloud Security Vendors,Leading CIEM Vendors Comparison,Supporting,Commercial,Commercial,text
adversarial artificial intelligence,140,Compliance and Governance,Adversarial AI,Understanding Adversarial AI,Pillar page,Informational,Informational,text
external pen testing,140,Threat Management,Penetration Testing Overview,External Penetration Testing Overview,Supporting,Commercial,Commercial,text
external attack surface monitoring,140,Security Management,Attack Surface Management,External Attack Surface Management Overview,Supporting,Commercial,Commercial,text
cspm cloud,140,Cybersecurity Practices,Cloud Security Posture Management,CSPM for Cloud Security Explained,Supporting,Commercial,Commercial,text
ciem solutions,140,Cybersecurity Practices,CIEM Overview,Top CIEM Solutions Available,Supporting,Commercial,Commercial,text
cyber siem,140,Cybersecurity Services,SIEM Overview,SIEM in Cybersecurity Context,Supporting,Mixed,Commercial,text
attack surface management companies,140,Security Management,Attack Surface Management,Top Attack Surface Management Solutions,Pillar page,Commercial,Commercial,text
attack surface management software,140,Security Management,Attack Surface Management,Top Attack Surface Management Solutions,Pillar page,Commercial,Commercial,text
what is the attack surface of social engineering,140,Threat Management,Social Engineering Overview,Exploring Social Engineering Attack Surfaces,Supporting,Informational,Informational,text
what is user behavior analytics,140,Threat Management,User Behavior Analytics,Understanding User Behavior Analytics,Pillar page,Commercial,Informational,text
attack surface management tool,140,Security Management,Attack Surface Management,Top Attack Surface Management Solutions,Pillar page,Commercial,Commercial,text
cyber security assessment tool,140,Risk Management,Cybersecurity Risk Management,Top Cybersecurity Risk Assessment Tools,Supporting,Commercial,Commercial,text
what does xdr stand for,140,Cybersecurity Services,XDR Cybersecurity Solutions,What Is XDR Explained,Supporting,Informational,Informational,text
what is vulnerability management system,140,Threat Management,Vulnerability Management,Vulnerability Management Overview,Supporting,Commercial,Informational,text
what is siem and how it works,140,Cybersecurity Services,SIEM Overview,What Is SIEM Technology?,Supporting,Informational,Informational,text
easm security,140,Cybersecurity Services,EASM Cybersecurity Solutions,EASM Cybersecurity Insights,Supporting,Commercial,Commercial,text
digital risk protection program,140,Threat Management,Digital Risk Protection,Digital Risk Protection Solutions,Pillar page,Commercial,Commercial,text
what is zero trust model,140,Security Management,Zero Trust Security,Understanding Zero Trust Security,Supporting,Informational,Informational,text
vulnerability management platforms,140,Threat Management,Vulnerability Management,Vulnerability Management Overview,Supporting,Commercial,Commercial,text
continuous attack surface testing,140,Security Management,Attack Surface Management,Continuous Attack Surface Monitoring Explained,Supporting,Commercial,Commercial,text
what is caasm,140,Cybersecurity Practices,CaaS Security Insights,Understanding CAASM Concepts,Pillar page,Mixed,Informational,text
siem product,140,Cybersecurity Services,SIEM Overview,Top SIEM Solutions Available,Supporting,Commercial,Commercial,text
mdr vendor,140,Cybersecurity Services,MDR Cybersecurity Solutions,Leading MDR Vendors List,Supporting,Commercial,Commercial,text
managed security as a service,140,Cybersecurity Services,Managed Security Solutions,Top Managed Security Services,Supporting,Commercial,Commercial,text
next generation antivirus solution,140,Cybersecurity Services,Next Generation Antivirus,Next Generation Antivirus Solutions,Pillar page,Commercial,Commercial,text
remote code execution exploit,140,Threat Management,Remote Code Execution,Understanding Remote Code Execution,Pillar page,Informational,Informational,text
siem companies,140,Cybersecurity Services,SIEM Overview,SIEM Companies and Consulting,Supporting,Mixed,Commercial,text
monitoring network traffic,140,Threat Management,Network Traffic Analysis,Top Network Traffic Monitors,Pillar page,Commercial,Informational,text
soar security tools,140,Cybersecurity Services,SOAR in Cybersecurity,SOAR Security Tools Overview,Pillar page,Mixed,Commercial,text
siem features,140,Cybersecurity Services,SIEM Overview,Top SIEM Solutions Available,Supporting,Commercial,Informational,text
security vulnerability management,140,Threat Management,Vulnerability Management,Vulnerability Management Overview,Supporting,Commercial,Informational,text
siem or seim,140,Cybersecurity Services,SIEM Overview,Understanding SEIM vs SIEM,Supporting,Informational,Informational,text
managed threat detection and response services,140,Cybersecurity Services,Managed Detection and Response,Managed Threat Detection Services Guide,Supporting,Commercial,Commercial,text
pen test tool,140,Threat Management,Penetration Testing Overview,Best Pen Test Tools,Supporting,Commercial,Commercial,text
siem technologies,140,Cybersecurity Services,SIEM Overview,Top SIEM Solutions Available,Supporting,Commercial,Informational,text
runtime application security protection,140,Cybersecurity Practices,Runtime Application Security,Runtime Application Security Solutions,Pillar page,Commercial,Commercial,text
mssp siem,140,Cybersecurity Services,SIEM Overview,MSSP SIEM Services Overview,Supporting,Commercial,Commercial,text
managed detection and response companies,140,Cybersecurity Services,Managed Detection and Response,Comprehensive Managed Detection Services,Pillar page,Commercial,Commercial,text
threat detection cyber security,140,Threat Management,Threat Detection Solutions,Detecting Cyber Threats Effectively,Supporting,Informational,Informational,text
threat intel platforms,140,Threat Management,Threat Intelligence Solutions,Top Threat Intelligence Platforms,Pillar page,Commercial,Commercial,text
kubernetes security solutions,140,Cybersecurity Practices,Kubernetes Security Solutions,Kubernetes Security Solutions Overview,Pillar page,Mixed,Commercial,text
managed detection,140,Cybersecurity Services,Managed Detection and Response,Managed Detection Services Overview,Supporting,Mixed,Commercial,text
siem tools meaning,140,Cybersecurity Services,SIEM Overview,Popular SIEM Tools Explained,Supporting,Informational,Informational,text
siem ai,140,Cybersecurity Services,SIEM Solutions,Benefits of AI in SIEM,Supporting,Commercial,Commercial,text
siem threat intelligence,140,Cybersecurity Services,SIEM Overview,SIEM and Threat Intelligence,Supporting,Commercial,Commercial,text
siem and log management,110,Cybersecurity Services,SIEM Overview,SIEM Logging and Management,Supporting,Informational,Informational,text
vulnerability management systems,110,Threat Management,Vulnerability Management,Vulnerability Management Overview,Supporting,Commercial,Commercial,text
xdr tool,110,Cybersecurity Services,XDR Cybersecurity Solutions,Understanding XDR Solutions,Pillar page,Commercial,Commercial,text
what is easm,110,Cybersecurity Services,EASM Cybersecurity Solutions,Understanding EASM Basics,Supporting,Informational,Informational,text
vulnerability management vendors,110,Threat Management,Vulnerability Management,Vulnerability Management Overview,Supporting,Commercial,Commercial,text
siem as a managed service,110,Cybersecurity Services,SIEM Overview,SIEM Management Services Explained,Supporting,Commercial,Commercial,text
managed detection and response pricing,110,Cybersecurity Services,Managed Detection and Response,Comprehensive Managed Detection Services,Pillar page,Commercial,Transactional,text
managed xdr service,110,Cybersecurity Services,XDR Cybersecurity Solutions,Managed XDR Services Guide,Supporting,Commercial,Commercial,text
siem security vendors,110,Cybersecurity Services,SIEM Overview,Top SIEM Solutions Available,Supporting,Commercial,Commercial,text
managed vulnerability services,110,Threat Management,Vulnerability Management,Managed Vulnerability Services,Supporting,Commercial,Commercial,text
cyber risk assessment tools,110,Risk Management,Cybersecurity Risk Management,Top Cybersecurity Risk Assessment Tools,Supporting,Commercial,Commercial,text
cspm cloud security,110,Cybersecurity Practices,Cloud Security Posture Management,CSPM for Cloud Security Explained,Supporting,Commercial,Commercial,text
siem tool meaning,110,Cybersecurity Services,SIEM Overview,Popular SIEM Tools Explained,Supporting,Informational,Informational,text
what are it vulnerabilities and threats,110,Threat Management,Vulnerability Management,IT Vulnerabilities and Threats,Supporting,Informational,Informational,text
what is an siem,110,Cybersecurity Services,SIEM Overview,What Is SIEM Technology?,Supporting,Informational,Informational,text
web application vulnerability assessment,110,Cybersecurity Practices,Application Security Solutions,Web Application Security Assessment Guide,Supporting,Mixed,Informational,text
siem network,110,Cybersecurity Services,SIEM Overview,Top SIEM Solutions Available,Supporting,Commercial,Commercial,text
mdr for microsoft,110,Cybersecurity Services,MDR Cybersecurity Solutions,MDR Solutions for Enterprises,Supporting,Commercial,Commercial,text
cybersecurity asset management platform,110,Risk Management,Cybersecurity Risk Management,Cyber Security Asset Management Solutions,Supporting,Commercial,Commercial,text
managed detection services,110,Cybersecurity Services,Managed Detection and Response,Managed Detection Services Overview,Supporting,Mixed,Transactional,text
cybersecurity siem,110,Cybersecurity Services,SIEM Overview,SIEM in Cybersecurity Context,Supporting,Mixed,Commercial,text
what is cloud workload protection,110,Cybersecurity Practices,Cloud Security Solutions,Cloud Workload Protection Explained,Supporting,Mixed,Informational,text
managed detection and response tools,110,Cybersecurity Services,Managed Detection and Response,Comprehensive Managed Detection Services,Pillar page,Commercial,Commercial,text
co-managed siem,110,Cybersecurity Services,SIEM Overview,Co-Managed SIEM Services,Supporting,Commercial,Commercial,text
digital risk protection software,110,Threat Management,Digital Risk Protection,Digital Risk Protection Solutions,Pillar page,Commercial,Commercial,text
soc vs mdr,110,Cybersecurity Services,MDR Cybersecurity Solutions,MDR vs SOC Comparison,Supporting,Informational,Informational,text
threat actors cyber security,110,Threat Management,Threat Modeling Concepts,Threat Actors in Cyber Security,Supporting,Informational,Informational,text
threat detection and incident response,110,Threat Management,Threat Detection Solutions,Understanding Threat Detection and Response,Supporting,Commercial,Commercial,text
vuln management,110,Threat Management,Vulnerability Management,Vulnerability Management Tools,Supporting,Commercial,Commercial,text
asset discovery tool,110,Risk Management,IT Asset Management,Best Asset Discovery Software,Supporting,Commercial,Commercial,text
backdoor in cyber security,110,Threat Management,Backdoor Cybersecurity,Backdoor Malware in Cyber Security,Supporting,Informational,Informational,text
ueba meaning,110,Threat Management,UEBA Overview,Defining UEBA Meaning,Supporting,Informational,Informational,text
exposure management cybersecurity,110,Risk Management,Cybersecurity Risk Management,Cyber Exposure Management Strategies,Supporting,Commercial,Commercial,text
security information event management siem tools,110,Cybersecurity Services,SIEM Overview,Security Information Management Systems,Supporting,Commercial,Commercial,text
network traffic monitors,110,Threat Management,Network Traffic Analysis,Top Network Traffic Monitors,Pillar page,Commercial,Commercial,text
tip threat intelligence platform,110,Threat Management,Threat Intelligence Platforms,Top Threat Intelligence Platforms,Pillar page,Commercial,Commercial,text
advanced threat management,110,Threat Management,Advanced Threat Protection,Advanced Threat Protection Solutions,Pillar page,Commercial,Commercial,text
how to prevent man in the middle attack,110,Threat Management,Man-in-the-Middle Attacks,Preventing Man In The Middle Attacks,Supporting,Informational,Informational,text
seim or siem,110,Cybersecurity Services,SIEM Overview,Understanding SEIM vs SIEM,Supporting,Informational,Informational,text
threat hunting as a service,110,Threat Management,Threat Hunting Solutions,Threat Hunting Service Overview,Pillar page,Transactional,Transactional,text
flexible mdr solutions with custom integrations,110,Cybersecurity Services,Custom MDR Solutions,Custom Flexible MDR Solutions,Pillar page,Commercial,Commercial,text
ai vulnerability management,110,Threat Management,Vulnerability Management,AI in Vulnerability Management,Supporting,Commercial,Commercial,text
xdr cyber,110,Cybersecurity Services,XDR Cybersecurity Solutions,XDR in Cybersecurity Overview,Supporting,Commercial,Commercial,text
digital risk protection strategy,110,Threat Management,Digital Risk Protection,Digital Risk Protection Solutions,Pillar page,Commercial,Commercial,text
gdpr security controls,110,Compliance and Governance,Critical Security Controls,Understanding GDPR Security Controls,Supporting,Informational,Informational,text
vulnerability management companies,110,Threat Management,Vulnerability Management,Vulnerability Management Overview,Supporting,Commercial,Commercial,text
shared security responsibility model,110,Cybersecurity Practices,Cloud Security Responsibility,Cloud Security Shared Responsibility Model,Supporting,Informational,Informational,text
what is network telemetry,110,Threat Management,Network Telemetry Insights,Introduction to Network Telemetry,Pillar page,Informational,Informational,text
edr agent,110,Cybersecurity Services,EDR Security Solutions,Role of EDR Agents,Supporting,Commercial,Commercial,text
easm tools,110,Cybersecurity Services,EASM Cybersecurity Solutions,Top EASM Solutions Overview,Pillar page,Commercial,Commercial,text
internal attack surface management,110,Security Management,Attack Surface Management,External Attack Surface Management Overview,Supporting,Commercial,Commercial,text
attack surface assessment,90,Security Management,Attack Surface Management,Comprehensive Attack Surface Analysis,Supporting,Mixed,Commercial,text
mdr security systems,90,Cybersecurity Services,MDR Cybersecurity Solutions,MDR Security Services Overview,Supporting,Mixed,Commercial,text
cloud vulnerability scanner,90,Cybersecurity Practices,Cloud Security Solutions,Cloud Vulnerability Management Insights,Supporting,Mixed,Commercial,text
container security monitoring,90,Cybersecurity Practices,Container Security Essentials,Top Container Security Solutions,Pillar page,Commercial,Commercial,text
cwpp security,90,Cybersecurity Practices,Cloud Security Posture Management,Understanding CWPP Security Solutions,Supporting,Informational,Commercial,text
top vulnerability management tools,90,Threat Management,Vulnerability Management,Vulnerability Management Overview,Supporting,Commercial,Commercial,text
managed detection and response software,90,Cybersecurity Services,Managed Detection and Response,Comprehensive Managed Detection Services,Pillar page,Commercial,Commercial,text
kubernetes security tool,90,Cybersecurity Practices,Kubernetes Security Solutions,Kubernetes Security Solutions Overview,Pillar page,Mixed,Commercial,text
incident response as a service,90,Risk Management,Incident Response Solutions,Managed Incident Response Services,Pillar page,Commercial,Commercial,text
threat actors cyber,90,Threat Management,Threat Modeling Concepts,Threat Actors in Cyber Security,Supporting,Informational,Informational,text
endpoint detection tools,90,Cybersecurity Practices,Endpoint Detection Solutions,Effective Endpoint Detection Strategies,Pillar page,Commercial,Commercial,text
cyber risk assessment tool,90,Risk Management,Cybersecurity Risk Management,Top Cybersecurity Risk Assessment Tools,Supporting,Commercial,Commercial,text
behavioral analytics security,70,Threat Management,User Behavior Analytics,Understanding User Behavior Analytics,Pillar page,Commercial,Commercial,text
ai security compliance,70,Cybersecurity Practices,Security in Technology,Understanding AI Security Vulnerabilities,Supporting,Informational,Commercial,text
enterprise vulnerability assessment,70,Threat Management,Vulnerability Management,Enterprise Vulnerability Management,Supporting,Commercial,Commercial,text
vulnerability prioritization tools,70,Threat Management,Vulnerability Management,Vulnerability Prioritization Techniques,Supporting,Mixed,Commercial,text
managed xdr for saas,70,Cybersecurity Services,XDR Cybersecurity Solutions,Managed XDR Services Guide,Supporting,Commercial,Commercial,text
siem demo,70,Cybersecurity Services,SIEM Overview,Understanding SIEM Meaning,Pillar page,Informational,Transactional,text
top attack surface management vendors,50,Security Management,Attack Surface Management,External Attack Surface Management Overview,Supporting,Commercial,Commercial,text
how to prevent security misconfiguration,50,Threat Management,Man-in-the-Middle Attacks,Preventing Man In The Middle Attacks,Supporting,Informational,Informational,text
security operations center companies,50,Cybersecurity Services,Managed Security Solutions,Security Operations Center Solutions,Supporting,Commercial,Commercial,text
cyber risk assessment software,50,Risk Management,Cybersecurity Risk Management,Top Cybersecurity Risk Assessment Tools,Supporting,Commercial,Commercial,text
microsoft mdr service,50,Cybersecurity Services,MDR Cybersecurity Solutions,Microsoft MDR Services Explained,Supporting,Commercial,Commercial,text
xdr security meaning,40,Cybersecurity Services,XDR Cybersecurity Solutions,XDR in Cybersecurity Overview,Supporting,Commercial,Informational,text
data loss prevention framework,40,Cybersecurity Practices,Data Loss Prevention,Data Loss Prevention Explained,Pillar page,Informational,Informational,text
mdr information security,40,Cybersecurity Services,MDR Cybersecurity Solutions,MDR Security Services Overview,Supporting,Mixed,Commercial,text
tools for vulnerability assessment,30,Threat Management,Vulnerability Management,Vulnerability Assessment Solutions,Pillar page,Commercial,Commercial,text
exposure assessment platform,30,Risk Management,Exposure Assessment Solutions,Understanding Exposure Assessment Platforms,Pillar page,Informational,Commercial,text
edr product,30,Cybersecurity Services,EDR Security Solutions,Understanding EDR Products,Pillar page,Commercial,Commercial,text
rasp,27100,Cybersecurity Practices,RASP Overview,Top RASP Solutions,Pillar page,Commercial,Commercial,text
open source intelligence,9900,Threat Management,Open Source Intelligence,Understanding Open Source Intelligence,Pillar page,Informational,Informational,text
cmmc compliance,9900,Compliance and Governance,CMMC Compliance Solutions,CMMC Compliance Software Overview,Pillar page,Mixed,Informational,text
casb,8100,Cybersecurity Practices,CASB Solutions,Exploring CASB Solutions and Vendors,Pillar page,Commercial,Commercial,text
botnet,6600,Threat Management,Botnet Overview,Botnet Attacks and Their Meaning,Supporting,Informational,Informational,text
intrusion detection system,5400,Cybersecurity Services,Intrusion Detection Systems,Intrusion Detection And Prevention Overview,Pillar page,Mixed,Commercial,text
hitl,5400,Cybersecurity Practices,HITL Overview,Understanding HITL Meaning,Pillar page,Informational,Informational,text
data integrity,5400,Cybersecurity Practices,Data Integrity Overview,Understanding Data Integrity,Pillar page,Informational,Informational,text
penetration testing services,3600,Threat Management,Penetration Testing Overview,Choosing Pen Testing Services,Supporting,Transactional,Transactional,text
spear phishing meaning,3600,Threat Management,Spear Phishing Overview,Understanding Spear Phishing Attacks,Pillar page,Informational,Informational,text
nist framework,2900,Compliance and Governance,NIST Cybersecurity Framework,Understanding NIST Frameworks,Pillar page,Informational,Informational,text
sandboxing,2400,Cybersecurity Practices,Sandboxing in Cybersecurity,Understanding Sandboxing in Cybersecurity,Pillar page,Informational,Informational,text
web application security,2400,Cybersecurity Practices,Application Security Solutions,Web Application Security Assessment Guide,Supporting,Mixed,Commercial,text
cves,2400,Threat Management,CVE Vulnerability Insights,What Is a CVE?,Pillar page,Informational,Informational,text
advanced threat protection,1900,Threat Management,Advanced Threat Protection,Advanced Threat Protection Solutions,Pillar page,Commercial,Commercial,text
what is data encryption,1900,Cybersecurity Practices,Data Encryption Overview,What Is Data Encryption?,Pillar page,Informational,Informational,text
iam identity access management,1900,Security Management,Identity Access Management,Comprehensive IAM Tools Guide,Supporting,Commercial,Informational,text
network penetration testing,1900,Threat Management,Penetration Testing Overview,Types of Penetration Testing,Pillar page,Mixed,Informational,text
continuous integration means,1900,Cybersecurity Practices,Continuous Integration Overview,Understanding Continuous Integration,Pillar page,Informational,Informational,text
malware attack,1600,Threat Management,Malware Attacks Overview,Defining Malware Attacks,Pillar page,Informational,Informational,text
soc reports,1600,Security Management,SOC Reporting Insights,Comprehensive Guide to SOC Reports,Pillar page,Informational,Informational,text
what is waf,1600,Cybersecurity Practices,WAF Security Solutions,Understanding Web Application Firewalls,Pillar page,Informational,Informational,text
rasp tools,1300,Cybersecurity Practices,RASP Overview,Essential RASP Tools Guide,Supporting,Informational,Informational,text
what is network security,1300,Cybersecurity Services,Network Security Solutions,What Is Network Security?,Supporting,Informational,Informational,text
osint open source intelligence,1300,Threat Management,Open Source Intelligence,What Is OSINT Explained,Supporting,Informational,Informational,text
dark net,1300,Threat Management,Dark Web Insights,Comprehensive Dark Web Guide,Pillar page,Informational,Informational,text
nist framework cybersecurity,1300,Compliance and Governance,NIST Cybersecurity Framework,Understanding NIST Frameworks,Pillar page,Informational,Informational,text
fedramp compliance,1300,Compliance and Governance,FedRAMP Overview,Understanding FedRAMP Compliance,Pillar page,Informational,Informational,text
mxdr,1300,Cybersecurity Services,XDR Cybersecurity Solutions,MXDR Solutions Overview,Supporting,Commercial,Informational,text
what is malvertising,1300,Threat Management,Malvertising Explained,Understanding Malvertising Concepts,Pillar page,Informational,Informational,text
security orchestration automation and response,1000,Cybersecurity Services,Security Orchestration Automation,Guide to SOAR and Automation,Pillar page,Informational,Informational,text
types of phishing attacks,1000,Threat Management,Spear Phishing Overview,Types of Phishing Attacks Explained,Supporting,Informational,Informational,text
application security services,1000,Cybersecurity Practices,Application Security Solutions,Comprehensive Application Security Solutions,Supporting,Commercial,Commercial,text
penetration testing companies,1000,Threat Management,Penetration Testing Overview,Choosing Pen Testing Services,Supporting,Transactional,Commercial,text
penetration testing as a service,1000,Threat Management,Penetration Testing Overview,Penetration Testing as a Service,Supporting,Transactional,Transactional,text
network scanning tools,1000,Cybersecurity Services,Network Scanning Solutions,Top Network Scanning Tools,Pillar page,Commercial,Commercial,text
security risk management,1000,Risk Management,Cybersecurity Risk Management,Comprehensive Security Risk Management,Supporting,Informational,Informational,text
vulnerability management as a service,880,Threat Management,Vulnerability Management,Vulnerability Management Overview,Supporting,Commercial,Transactional,text
siem integration,880,Cybersecurity Services,SIEM Overview,Top SIEM Solutions Available,Supporting,Commercial,Commercial,text
risk intelligence,880,Compliance and Governance,AI Risk Management Solutions,Top Risk Intelligence Solutions,Supporting,Commercial,Informational,text
identity management access,880,Security Management,Identity Access Management,Identity Management Systems Explained,Supporting,Mixed,Informational,text
iac meaning,880,Cybersecurity Practices,Infrastructure as Code,IAC Meaning and Security Insights,Supporting,Informational,Informational,text
vulnerability assessment services,880,Threat Management,Vulnerability Management,Vulnerability Assessment Solutions,Pillar page,Commercial,Transactional,text
intrusion detection and prevention systems,880,Cybersecurity Services,Intrusion Detection Systems,Intrusion Detection And Prevention Overview,Pillar page,Mixed,Commercial,text
zero trust security solutions,880,Security Management,Zero Trust Security,Exploring Zero Trust Architecture,Pillar page,Informational,Commercial,text
application security assessment,880,Cybersecurity Practices,Application Security Solutions,Application Security Testing Overview,Supporting,Mixed,Transactional,text
web application firewalls,880,Cybersecurity Practices,Application Security Solutions,Understanding Web Application Firewalls,Pillar page,Commercial,Commercial,text
ai risk management framework,880,Compliance and Governance,AI Risk Management Solutions,AI Risk Management Overview,Pillar page,Mixed,Informational,text
what is a soc report,880,Security Management,SOC Reporting Insights,What Is a SOC Report?,Supporting,Informational,Informational,text
identity management system,720,Security Management,Identity Access Management,Identity Management Systems Explained,Supporting,Mixed,Commercial,text
web app firewall,720,Cybersecurity Practices,Application Security Solutions,Understanding Web Application Firewalls,Pillar page,Commercial,Commercial,text
threat modelling,720,Threat Management,Threat Modeling Concepts,Threat Modeling Frameworks and Process,Supporting,Informational,Informational,text
cloud access security broker casb,720,Cybersecurity Practices,CASB Solutions,Understanding Cloud Access Security Brokers,Supporting,Commercial,Commercial,text
network security monitoring tools,720,Cybersecurity Services,Network Security Solutions,Top Network Security Monitoring Tools,Supporting,Commercial,Commercial,text
what is a ransomware attack,720,Threat Management,Ransomware Awareness,Understanding Ransomware Attacks,Pillar page,Informational,Informational,text
breach and attack simulation,720,Threat Management,Breach Attack Simulation,Top Breach And Attack Simulation Tools,Pillar page,Commercial,Commercial,text
information security risk assessment,720,Risk Management,Cybersecurity Risk Management,Information Security Risk Assessment Insights,Supporting,Mixed,Commercial,text
what is mssp,720,Cybersecurity Services,MSSP Overview,Understanding MSSP Meaning,Pillar page,Informational,Informational,text
denial of service attacks,720,Threat Management,Denial of Service Attacks,Understanding DDoS and DoS Attacks,Pillar page,Informational,Informational,text
dark web monitoring tools,720,Threat Management,Dark Web Insights,Dark Web Monitoring Explained,Supporting,Mixed,Commercial,text
what is a red team,590,Threat Management,Red Teaming Concepts,Introduction to Red Teaming,Pillar page,Informational,Informational,text
botnet meaning,590,Threat Management,Botnet Overview,Botnet Attacks and Their Meaning,Supporting,Informational,Informational,text
what is itam,590,Risk Management,IT Asset Management,What Is ITAM?,Supporting,Informational,Informational,text
it asset inventory,590,Risk Management,IT Asset Management,Overview of IT Asset Inventory,Supporting,Informational,Commercial,text
cloud iam,590,Cybersecurity Practices,Cloud Security Solutions,Cloud IAM and Risk Management,Supporting,Mixed,Commercial,text
cd/ci,590,Cybersecurity Practices,CI/CD Fundamentals,What Is CI/CD Explained,Pillar page,Informational,Informational,text
network and cloud security,590,Cybersecurity Services,Network Security Solutions,Cloud Network Security Solutions,Supporting,Commercial,Commercial,text
what is software development life cycle,590,Miscellaneous,Software Development Life Cycle,Overview of Software Development Life Cycle,Pillar page,Informational,Informational,text
external penetration testing,590,Threat Management,Penetration Testing Overview,External Penetration Testing Overview,Supporting,Commercial,Commercial,text
pci compliance services,590,Compliance and Governance,PCI Compliance Solutions,PCI Compliance Solutions Overview,Pillar page,Transactional,Transactional,text
risk management platform,590,Compliance and Governance,AI Risk Management Solutions,Best Risk Management Platforms,Supporting,Commercial,Commercial,text
microsoft mdr,480,Cybersecurity Services,MDR Cybersecurity Solutions,Microsoft MDR Services Explained,Supporting,Commercial,Commercial,text
network scanner tool,480,Cybersecurity Services,Network Scanning Solutions,Top Network Scanning Tools,Pillar page,Commercial,Commercial,text
what is third party risk management,480,Risk Management,Third Party Risk Management,Understanding Third Party Risk Management,Pillar page,Informational,Informational,text
what is tprm,480,Risk Management,TPRM Overview,Understanding TPRM Programs,Pillar page,Informational,Informational,text
managed security provider,480,Cybersecurity Services,Managed Security Solutions,Leading Managed Security Providers,Supporting,Commercial,Commercial,text
malvertising meaning,480,Threat Management,Malvertising Explained,Understanding Malvertising Concepts,Pillar page,Informational,Informational,text
exploit database,480,Threat Management,Exploit Resources,Exploit Database Insights,Supporting,Informational,Informational,text
least privileged access,480,Security Management,Least Privilege Access,Understanding Least Privilege Principle,Pillar page,Informational,Informational,text
explain data integrity,480,Cybersecurity Practices,Data Integrity Overview,Understanding Data Integrity,Pillar page,Informational,Informational,text
it security risk management,480,Risk Management,Cybersecurity Risk Management,Comprehensive Security Risk Management,Supporting,Informational,Commercial,text
web app security,480,Cybersecurity Practices,Application Security Solutions,Web Application Security Assessment Guide,Supporting,Mixed,Commercial,text
threat modeling process,480,Threat Management,Threat Modeling Concepts,Threat Modeling Frameworks and Process,Supporting,Informational,Informational,text
what is data masking,480,Cybersecurity Practices,Data Masking Overview,Understanding Data Masking Types,Supporting,Informational,Informational,text
vulnerability assessment report,390,Threat Management,Vulnerability Management,Vulnerability Assessment Solutions,Pillar page,Commercial,Commercial,text
what is abac,390,Security Management,ABAC Overview,Understanding ABAC Definition,Pillar page,Informational,Informational,text
infrastructure as code iac,390,Cybersecurity Practices,Infrastructure as Code,Understanding Infrastructure As Code,Pillar page,Informational,Informational,text
mdr vendors,390,Cybersecurity Services,MDR Cybersecurity Solutions,Leading MDR Vendors List,Supporting,Commercial,Commercial,text
automated patch management,390,Threat Management,Patch Management Strategies,Understanding Patch Management Basics,Supporting,Mixed,Commercial,text
network detection and response solutions,390,Cybersecurity Services,Managed Detection and Response,Network Detection and Response Explained,Supporting,Commercial,Commercial,text
what is a casb,390,Cybersecurity Practices,CASB Solutions,Exploring CASB Solutions and Vendors,Pillar page,Commercial,Informational,text
threat vs vulnerability,390,Threat Management,Vulnerability Management,Threat vs Vulnerability Comparison,Supporting,Informational,Informational,text
monitor network traffic,390,Threat Management,Network Traffic Analysis,Top Network Traffic Monitors,Pillar page,Commercial,Informational,text
network traffic analysis tools,390,Threat Management,Network Traffic Analysis,Essential Network Traffic Analysis Tools,Supporting,Commercial,Commercial,text
red team meaning,390,Threat Management,Red Teaming Concepts,Understanding Red Team Meaning,Supporting,Informational,Informational,text
scap scan,390,Compliance and Governance,SCAP Compliance Framework,Understanding SCAP Compliance,Pillar page,Informational,Informational,text
red team testing,390,Threat Management,Red Teaming Concepts,Red Team Testing Services Overview,Supporting,Mixed,Informational,text
fedramp levels,390,Compliance and Governance,FedRAMP Overview,Exploring FedRAMP Levels,Supporting,Informational,Informational,text
managed extended detection and response,390,Cybersecurity Services,Managed Detection and Response,Overview of Extended Detection Solutions,Supporting,Commercial,Commercial,text
risk remediation,390,Risk Management,Risk Remediation Strategies,Understanding Risk Remediation,Pillar page,Informational,Informational,text
fedramp meaning,390,Compliance and Governance,FedRAMP Overview,Understanding FedRAMP Compliance,Pillar page,Informational,Informational,text
what is an mssp,390,Cybersecurity Services,MSSP Overview,Understanding MSSP Meaning,Pillar page,Informational,Informational,text
software penetration testing,390,Threat Management,Penetration Testing Overview,Types of Penetration Testing,Pillar page,Mixed,Commercial,text
external network penetration testing,320,Threat Management,Penetration Testing Overview,External Penetration Testing Overview,Supporting,Commercial,Commercial,text
threat models,320,Threat Management,Threat Modeling Concepts,Understanding Threat Models,Pillar page,Informational,Informational,text
operations technology,320,Cybersecurity Practices,Operational Technology Overview,Understanding Operational Technology,Pillar page,Informational,Informational,text
runtime application self-protection,320,Cybersecurity Practices,Runtime Application Security,Runtime Application Security Solutions,Pillar page,Commercial,Commercial,text
rasp security,320,Cybersecurity Practices,RASP Overview,RASP Security Overview,Supporting,Commercial,Commercial,text
vulnerability assessment tool,320,Threat Management,Vulnerability Management,Vulnerability Assessment Solutions,Pillar page,Commercial,Commercial,text
pam cybersecurity,320,Security Management,Privileged Access Management,PAM Security Solutions Overview,Supporting,Commercial,Commercial,text
breach attack simulation,320,Threat Management,Breach Attack Simulation,Overview Of Breach Attack Simulation,Supporting,Commercial,Commercial,text
casb vendors,320,Cybersecurity Practices,CASB Solutions,Exploring CASB Solutions and Vendors,Pillar page,Commercial,Commercial,text
whale phishing,320,Threat Management,Whaling Cybersecurity,What Is Whale Phishing?,Supporting,Informational,Informational,text
threat intelligence companies,320,Threat Management,Threat Intelligence Solutions,Top Threat Intelligence Platforms,Pillar page,Commercial,Commercial,text
iam management,320,Security Management,Identity Access Management,Effective IAM Management Strategies,Supporting,Commercial,Commercial,text
siem vs xdr,320,Cybersecurity Services,SIEM Comparisons,XDR Compared to SIEM,Pillar page,Informational,Informational,text
siem/soc,260,Cybersecurity Services,SIEM Overview,SIEM and SOC Comparison,Supporting,Informational,Informational,text
soar security orchestration automation and response,260,Cybersecurity Services,Security Orchestration Automation,Guide to SOAR and Automation,Pillar page,Informational,Commercial,text
soc managed services,260,Cybersecurity Services,SOC as a Service,Overview of SOC Managed Services,Supporting,Commercial,Commercial,text
threat vulnerability assessment,260,Threat Management,Vulnerability Management,Threat and Vulnerability Management,Supporting,Informational,Commercial,text
security threats and vulnerabilities,260,Threat Management,Vulnerability Management,Security Vulnerabilities Overview,Supporting,Informational,Informational,text
web application vulnerabilities,260,Cybersecurity Practices,Application Security Solutions,Common Web Application Vulnerabilities,Supporting,Informational,Informational,text
threat intelligence report,260,Threat Management,Threat Intelligence Solutions,Top Threat Intelligence Platforms,Pillar page,Commercial,Informational,text
backdoor malware,260,Threat Management,Backdoor Cybersecurity,Backdoor Malware in Cyber Security,Supporting,Informational,Informational,text
mdr definition,260,Cybersecurity Services,MDR Cybersecurity Solutions,MDR Definition and Meaning,Pillar page,Informational,Informational,text
managed soc service,260,Cybersecurity Services,SOC as a Service,Exploring Managed SOC Services,Pillar page,Commercial,Commercial,text
pci compliance test,260,Compliance and Governance,PCI Compliance Solutions,PCI Compliance Solutions Overview,Pillar page,Transactional,Transactional,text
cspm vendors,260,Cybersecurity Practices,Cloud Security Posture Management,CSPM Tools and Vendors Overview,Pillar page,Commercial,Commercial,text
cybersecurity regulatory compliance,260,Compliance and Governance,Cybersecurity Compliance Solutions,Overview of Cybersecurity Compliance Standards,Supporting,Informational,Informational,text
cybersecurity assessment tool,260,Risk Management,Cybersecurity Risk Management,Top Cybersecurity Risk Assessment Tools,Supporting,Commercial,Commercial,text
best siem solutions,260,Cybersecurity Services,SIEM Overview,Best SIEM Tools and Solutions,Supporting,Commercial,Commercial,text
log management solutions,260,Cybersecurity Services,Log Management Solutions,Top Log Management Solutions,Pillar page,Commercial,Commercial,text
drp cyber security,260,Risk Management,DRP Overview,Understanding DRP in Cyber Security,Supporting,Informational,Informational,text
network analyzer tools,260,Threat Management,Network Traffic Analysis,Best Network Analyzer Tools,Supporting,Commercial,Commercial,text
how ransomware works,260,Threat Management,Ransomware Awareness,Mechanics of Ransomware Operations,Supporting,Informational,Informational,text
network analysis tool,260,Threat Management,Network Traffic Analysis,Best Network Analyzer Tools,Supporting,Commercial,Commercial,text
cyber risk services,260,Risk Management,Cybersecurity Risk Management,Professional Cyber Risk Services,Supporting,Commercial,Commercial,text
red team penetration testing,260,Threat Management,Red Teaming Concepts,Red Team Testing Services Overview,Supporting,Mixed,Commercial,text
risk intelligence platform,210,Compliance and Governance,AI Risk Management Solutions,Top Risk Intelligence Solutions,Supporting,Commercial,Commercial,text
siem pricing,210,Cybersecurity Services,SIEM Overview,SIEM Pricing Information,Supporting,Transactional,Transactional,text
siem security definition,210,Cybersecurity Services,SIEM Overview,SIEM in Cybersecurity Context,Supporting,Mixed,Informational,text
mdr companies,210,Cybersecurity Services,MDR Cybersecurity Solutions,Top MDR Service Providers,Supporting,Commercial,Commercial,text
mdr company,210,Cybersecurity Services,MDR Cybersecurity Solutions,Top MDR Service Providers,Supporting,Commercial,Commercial,text
vulnerability management automation,210,Threat Management,Vulnerability Management,Vulnerability Management Overview,Supporting,Commercial,Commercial,text
intrusion detection and prevention system,210,Cybersecurity Services,Intrusion Detection Systems,Intrusion Detection And Prevention Overview,Pillar page,Mixed,Commercial,text
tprm program,210,Risk Management,TPRM Overview,Understanding TPRM Programs,Pillar page,Informational,Informational,text
external pen test,210,Threat Management,Penetration Testing Overview,External Penetration Testing Overview,Supporting,Commercial,Commercial,text
web application security assessment,210,Cybersecurity Practices,Application Security Solutions,Web Application Security Assessment Guide,Supporting,Mixed,Commercial,text
define asm,210,Cybersecurity Services,ASM Security Solutions,Definition and Overview of ASM,Pillar page,Informational,Informational,text
xdr in cyber security,210,Cybersecurity Services,XDR Cybersecurity Solutions,XDR in Cybersecurity Overview,Supporting,Commercial,Informational,text
red team as a service,210,Threat Management,Red Teaming Concepts,Red Team Testing Services Overview,Supporting,Mixed,Commercial,text
rbac model,210,Security Management,RBAC in Cyber Security,Understanding RBAC Model,Supporting,Informational,Informational,text
patch management as a service,210,Threat Management,Patch Management Strategies,Comprehensive Patch Management Solutions,Pillar page,Commercial,Commercial,text
what is mxdr,210,Cybersecurity Services,XDR Cybersecurity Solutions,What Is MXDR?,Supporting,Informational,Informational,text
cloud access security broker solutions,210,Cybersecurity Practices,CASB Solutions,Understanding Cloud Access Security Brokers,Supporting,Commercial,Commercial,text
soc as a service pricing,170,Cybersecurity Services,SOC as a Service,Understanding SOC as a Service,Supporting,Commercial,Transactional,text
dark web monitor,170,Threat Management,Dark Web Insights,Dark Web Monitoring Explained,Supporting,Mixed,Commercial,text
soar products,170,Cybersecurity Services,SOAR in Cybersecurity,Top SOAR Solutions and Services,Supporting,Commercial,Commercial,text
kerberosting,170,Threat Management,Kerberoasting Explained,Understanding Kerberos Authentication,Pillar page,Informational,Informational,text
artificial intelligence regulatory compliance,170,Compliance and Governance,AI Compliance Framework,Understanding AI Regulatory Compliance,Supporting,Informational,Informational,text
vmaas,170,Threat Management,MVM Solutions,VMAAS Solutions Overview,Supporting,Commercial,Commercial,text
identity management as a service,170,Security Management,Identity Access Management,Comprehensive IAM Tools Guide,Supporting,Commercial,Commercial,text
risk intelligence software,170,Compliance and Governance,AI Risk Management Solutions,Top Risk Intelligence Solutions,Supporting,Commercial,Commercial,text
eap cybersecurity,170,Cybersecurity Practices,EAP Cybersecurity Overview,Understanding EAP Cybersecurity,Pillar page,Informational,Informational,text
bas tools,170,Cybersecurity Services,Security Analytics Tools,Best Bas Tools Comparison,Supporting,Commercial,Commercial,text
multi factor authentication security,170,Security Management,Multi-Factor Authentication,Understanding Multi-Factor Authentication,Pillar page,Mixed,Commercial,text
compliance for cyber security,170,Compliance and Governance,Cybersecurity Compliance Solutions,Overview of Cybersecurity Compliance Standards,Supporting,Informational,Informational,text
cloud security fundamentals,170,Cybersecurity Practices,Cloud Security Solutions,Cloud Security Fundamentals Guide,Supporting,Informational,Informational,text
what are cyber physical systems,170,Cybersecurity Practices,Cyber-Physical Systems,Understanding Cyber Physical Systems,Pillar page,Informational,Informational,text
vulnerability assessment companies,140,Threat Management,Vulnerability Management,Vulnerability Assessment Solutions,Pillar page,Commercial,Commercial,text
user behavior analysis,140,Threat Management,User Behavior Analytics,Understanding User Behavior Analytics,Pillar page,Commercial,Commercial,text
what does osint mean,140,Threat Management,Open Source Intelligence,What Is OSINT Explained,Supporting,Informational,Informational,text
what is advanced threat protection,140,Threat Management,Advanced Threat Protection,Advanced Threat Protection Solutions,Pillar page,Commercial,Informational,text
breach and attack simulation tools,140,Threat Management,Breach Attack Simulation,Top Breach And Attack Simulation Tools,Pillar page,Commercial,Commercial,text
breach response services,140,Risk Management,Incident Response Solutions,Breach Response Service Overview,Supporting,Commercial,Commercial,text
cybersecurity compliance framework,140,Compliance and Governance,Cybersecurity Compliance Solutions,Overview of Cybersecurity Compliance Standards,Supporting,Informational,Informational,text
security orchestration automation response,140,Cybersecurity Services,Security Orchestration Automation,Guide to SOAR and Automation,Pillar page,Informational,Informational,text
soc as a service provider,140,Cybersecurity Services,SOC as a Service,Understanding SOC as a Service,Supporting,Commercial,Commercial,text
mxdr solution,140,Cybersecurity Services,XDR Cybersecurity Solutions,MXDR Solutions Overview,Supporting,Commercial,Commercial,text
soar security meaning,140,Cybersecurity Services,SOAR in Cybersecurity,SOAR Security Tools Overview,Pillar page,Mixed,Informational,text
soc and siem,140,Cybersecurity Services,SIEM Overview,SIEM and SOC Comparison,Supporting,Informational,Informational,text
idps security,140,Cybersecurity Services,IDPS Overview,Understanding IDPS Systems,Pillar page,Mixed,Informational,text
model context protocol security,140,Security Management,Security Protocol Model,Understanding Model Context Protocol Security,Pillar page,Informational,Informational,text
mxdr meaning,140,Cybersecurity Services,XDR Cybersecurity Solutions,MXDR Solutions Overview,Supporting,Commercial,Informational,text
siem consulting,110,Cybersecurity Services,SIEM Overview,SIEM Companies and Consulting,Supporting,Mixed,Transactional,text
cyber risk assessment companies,110,Risk Management,Cybersecurity Risk Management,Leading Cyber Risk Assessment Companies,Supporting,Commercial,Commercial,text
cyber security assessment companies,110,Risk Management,Cybersecurity Risk Management,Leading Cyber Risk Assessment Companies,Supporting,Commercial,Commercial,text
what is an it asset,110,Risk Management,IT Asset Management,Overview of IT Asset Inventory,Supporting,Informational,Informational,text
what is an ot network,110,Cybersecurity Practices,OT Network Overview,Understanding OT Networks,Pillar page,Informational,Informational,text
cyber security xdr,110,Cybersecurity Services,XDR Cybersecurity Solutions,XDR in Cybersecurity Overview,Supporting,Commercial,Commercial,text
what is cira,110,Cybersecurity Services,Cira Overview,Understanding CIRA Concepts,Supporting,Informational,Informational,text
mdr for ot security,110,Cybersecurity Services,MDR Cybersecurity Solutions,MDR for Operational Technology Security,Supporting,Commercial,Commercial,text
waf as a service,110,Cybersecurity Practices,WAF Security Solutions,WAF Security Solutions Overview,Supporting,Commercial,Commercial,text
unified threat management appliance,110,Cybersecurity Services,Unified Threat Management,Top Unified Threat Management Appliances,Pillar page,Commercial,Commercial,text
wormgpt darknet,110,Cybersecurity Practices,WormGPT Overview,Understanding WormGPT on Darknet,Supporting,Informational,Informational,text
lotl attacks,110,Threat Management,LOTL Insights,Understanding LOTL Attacks,Supporting,Informational,Informational,text
drp security,110,Risk Management,DRP Overview,Understanding DRP in Cyber Security,Supporting,Informational,Informational,text
breach simulation,110,Threat Management,Breach Attack Simulation,Overview Of Breach Attack Simulation,Supporting,Commercial,Commercial,text
siem security services,90,Cybersecurity Services,SIEM Overview,Top SIEM Solutions Available,Supporting,Commercial,Commercial,text
ctem security,90,Cybersecurity Services,CTEM Cybersecurity Solutions,CTEM in Cybersecurity Explained,Supporting,Informational,Informational,text
mdr analyst,90,Cybersecurity Services,MDR Cybersecurity Solutions,Top MDR Service Providers,Supporting,Commercial,Transactional,text
open xdr platform,90,Cybersecurity Services,XDR Cybersecurity Solutions,Exploring Open XDR Platforms,Supporting,Mixed,Commercial,text
prevent mitm attack,90,Threat Management,Man-in-the-Middle Attacks,Preventing Man In The Middle Attacks,Supporting,Informational,Informational,text
ctem framework,90,Cybersecurity Services,CTEM Cybersecurity Solutions,Top CTEM Solutions Overview,Pillar page,Mixed,Informational,text
xdr products,90,Cybersecurity Services,XDR Cybersecurity Solutions,Top XDR Vendors Reviewed,Supporting,Commercial,Commercial,text
what is attack surface reduction,90,Security Management,Attack Surface Management,Strategies for Attack Surface Reduction,Supporting,Informational,Informational,text
cloud attack surface,90,Cybersecurity Practices,Cloud Security Solutions,Managing Cloud Attack Surfaces,Supporting,Mixed,Informational,text
xdr as a service,90,Cybersecurity Services,XDR Cybersecurity Solutions,Understanding XDR Solutions,Pillar page,Commercial,Commercial,text
what is identity threat detection and response,90,Threat Management,Threat Detection Solutions,Identity Threat Detection Solutions,Supporting,Commercial,Informational,text
what is iac security,90,Cybersecurity Practices,Security in Technology,Understanding AI Security Vulnerabilities,Supporting,Informational,Informational,text
what is mdr security,90,Cybersecurity Services,MDR Cybersecurity Solutions,MDR in Cybersecurity Explained,Supporting,Commercial,Informational,text
shift left security best practices,90,Cybersecurity Practices,Shift Left Security,Understanding Shift Left Security,Pillar page,Informational,Informational,text
caasm tools,90,Cybersecurity Practices,CaaS Security Insights,Understanding CAASM Concepts,Pillar page,Mixed,Commercial,text
cloud risk,90,Cybersecurity Practices,Cloud Security Solutions,Cloud IAM and Risk Management,Supporting,Mixed,Informational,text
what is ngav,90,Cybersecurity Services,NGAV Overview,Understanding NGAV Solutions,Pillar page,Mixed,Informational,text
what is open xdr,90,Cybersecurity Services,XDR Cybersecurity Solutions,Exploring Open XDR Platforms,Supporting,Mixed,Informational,text
saas siem,90,Cybersecurity Services,SIEM Overview,Understanding SIEM Meaning,Pillar page,Informational,Commercial,text
best vulnerability management software,90,Threat Management,Vulnerability Management,Vulnerability Management Overview,Supporting,Commercial,Commercial,text
best exposure management platforms,90,Risk Management,Threat Exposure Management,Top Exposure Management Solutions,Pillar page,Commercial,Commercial,text
what is cloud detection and response,90,Cybersecurity Practices,Cloud Security Solutions,Cloud Detection and Response Explained,Supporting,Informational,Informational,text
security orchestration and automation,90,Cybersecurity Services,Security Orchestration Automation,Guide to SOAR and Automation,Pillar page,Informational,Informational,text
attack surface monitoring tools,90,Security Management,Attack Surface Management,Comprehensive Attack Surface Analysis,Supporting,Mixed,Commercial,text
network vulnerability scanners,90,Threat Management,Vulnerability Management,Vulnerability Scanning Tools Explained,Supporting,Commercial,Commercial,text
xdr services,90,Cybersecurity Services,XDR Cybersecurity Solutions,Understanding XDR Solutions,Pillar page,Commercial,Transactional,text
siem ueba,90,Cybersecurity Services,SIEM Overview,Understanding SIEM Meaning,Pillar page,Informational,Informational,text
cyber security mdr,90,Cybersecurity Services,MDR Cybersecurity Solutions,MDR in Cybersecurity Explained,Supporting,Commercial,Commercial,text
application patch management,90,Threat Management,Patch Management Strategies,Understanding Patch Management Basics,Supporting,Mixed,Transactional,text
exposure management vs vulnerability management,90,Threat Management,Vulnerability Management,Vulnerability Management Overview,Supporting,Commercial,Informational,text
siem what is,90,Cybersecurity Services,SIEM Overview,Understanding SIEM Meaning,Pillar page,Informational,Informational,text
kubernetes security platform,90,Cybersecurity Practices,Kubernetes Security Solutions,Kubernetes Security Solutions Overview,Pillar page,Mixed,Commercial,text
exposure management platform,90,Risk Management,Threat Exposure Management,Top Exposure Management Solutions,Pillar page,Commercial,Commercial,text
vulnerability tools,90,Threat Management,Vulnerability Management,Software Vulnerability Tools Guide,Supporting,Commercial,Commercial,text
application attack surface,90,Security Management,Attack Surface Management,What Is an Attack Surface?,Supporting,Informational,Informational,text
cybersecurity soar,90,Cybersecurity Services,SOAR in Cybersecurity,SOAR Security Tools Overview,Pillar page,Mixed,Informational,text
least privilege access principle,90,Security Management,Least Privilege Access,Understanding Least Privilege Principle,Pillar page,Informational,Informational,text
managed threat detection service,90,Cybersecurity Services,Managed Detection and Response,Managed Threat Detection Services Guide,Supporting,Commercial,Transactional,text
difference between mdr and xdr,90,Cybersecurity Services,XDR Cybersecurity Solutions,What Is XDR Explained,Supporting,Informational,Informational,text
managed threat detection services,90,Cybersecurity Services,Managed Detection and Response,Managed Threat Detection Services Guide,Supporting,Commercial,Transactional,text
what does siem,90,Cybersecurity Services,SIEM Overview,What Is SIEM Technology?,Supporting,Informational,Informational,text
risk management in network security,90,Risk Management,Cybersecurity Risk Management,Risk Management in IT Security,Supporting,Informational,Informational,text
external threat intelligence,90,Threat Management,Threat Intelligence Solutions,Top Threat Intelligence Platforms,Pillar page,Commercial,Informational,text
vulnerability mitigation strategies,70,Threat Management,Vulnerability Management,Vulnerability Mitigation Strategies,Supporting,Informational,Informational,text
managed detection and response definition,70,Cybersecurity Services,Managed Detection and Response,Comprehensive Managed Detection Services,Pillar page,Commercial,Informational,text
attack surface tools,70,Security Management,Attack Surface Management,Comprehensive Attack Surface Analysis,Supporting,Mixed,Commercial,text
cloud misconfigurations,70,Cybersecurity Practices,Cloud Misconfiguration Risks,Understanding Cloud Misconfigurations,Pillar page,Informational,Informational,text
monitoring dark web,70,Threat Management,Dark Web Insights,Dark Web Monitoring Explained,Supporting,Mixed,Informational,text
asm tools,70,Cybersecurity Services,ASM Security Solutions,Top ASM Tools and Software,Supporting,Commercial,Commercial,text
security operations as a service,70,Cybersecurity Services,Managed Security Solutions,Security Operations Center Solutions,Supporting,Commercial,Commercial,text
what is it asset discovery,70,Risk Management,IT Asset Management,Top IT Asset Discovery Tools,Supporting,Commercial,Informational,text
cloud investigation and response automation,70,Cybersecurity Practices,Cloud Security Solutions,Cloud Detection and Response Explained,Supporting,Informational,Informational,text
cloud runtime security,70,Cybersecurity Practices,Cloud Security Solutions,Understanding Google Cloud Security,Supporting,Informational,Informational,text
casb data loss prevention,70,Cybersecurity Practices,CASB Solutions,Exploring CASB Solutions and Vendors,Pillar page,Commercial,Commercial,text
vulnerability assessment program,70,Threat Management,Vulnerability Management,Vulnerability Assessment Solutions,Pillar page,Commercial,Commercial,text
agentless asset discovery,70,Risk Management,IT Asset Management,Top IT Asset Discovery Tools,Supporting,Commercial,Commercial,text
enterprise attack surface management,70,Security Management,Attack Surface Management,External Attack Surface Management Overview,Supporting,Commercial,Commercial,text
indicators of compromise definition,70,Threat Management,Compromise Indicators,Understanding Indicators of Compromise,Pillar page,Informational,Informational,text
shadow it assets,70,Risk Management,Shadow IT Overview,Understanding Shadow IT Examples,Supporting,Informational,Informational,text
endpoint agent,70,Cybersecurity Services,Managed Detection and Response,Managed Endpoint Security Solutions,Supporting,Transactional,Informational,text
what is next gen antivirus,70,Cybersecurity Services,Next Generation Antivirus,Next Generation Antivirus Solutions,Pillar page,Commercial,Informational,text
iocs in cyber security,70,Cybersecurity Practices,Cybersecurity Innovations,Indicators of Compromise in Cybersecurity,Supporting,Informational,Informational,text
managed threat detection and response solutions,70,Cybersecurity Services,Managed Detection and Response,Managed Threat Detection Services Guide,Supporting,Commercial,Commercial,text
asm tool,70,Cybersecurity Services,ASM Security Solutions,Top ASM Tools and Software,Supporting,Commercial,Commercial,text
security information & event management,70,Cybersecurity Services,SIEM Overview,Overview of Security Information Management,Supporting,Informational,Commercial,text
vulnerability tracking software,70,Threat Management,Vulnerability Management,Vulnerability Management Overview,Supporting,Commercial,Commercial,text
asm cyber security,70,Cybersecurity Services,ASM Security Solutions,Understanding ASM Security Concepts,Supporting,Informational,Informational,text
cyber threat exposure management,70,Risk Management,Cybersecurity Risk Management,Cyber Exposure Management Strategies,Supporting,Commercial,Commercial,text
attack surface cybersecurity,70,Security Management,Attack Surface Management,Comprehensive Attack Surface Analysis,Supporting,Mixed,Informational,text
external attack surface management tools,70,Security Management,Attack Surface Management,External Attack Surface Management Overview,Supporting,Commercial,Commercial,text
mdr cyber security services,70,Cybersecurity Services,MDR Cybersecurity Solutions,MDR Security Services Overview,Supporting,Mixed,Transactional,text
common vulnerabilities and exposures cve,70,Threat Management,CVE Vulnerability Insights,Overview of Common Vulnerabilities and Exposures,Supporting,Informational,Informational,text
runtime threat detection,70,Cybersecurity Practices,Runtime Application Security,Runtime Application Security Solutions,Pillar page,Commercial,Commercial,text
siem security information event management,70,Cybersecurity Services,SIEM Overview,Security Information Management Systems,Supporting,Commercial,Commercial,text
attack path mapping,70,Security Management,Attack Surface Management,Exploring Attack Path Management,Supporting,Informational,Informational,text
threat hunting mdr,70,Cybersecurity Services,MDR Cybersecurity Solutions,MDR Security Services Overview,Supporting,Mixed,Commercial,text
ctem performance tracking metrics,70,Cybersecurity Services,CTEM Cybersecurity Solutions,Top CTEM Solutions Overview,Pillar page,Mixed,Informational,text
ctem platform,70,Cybersecurity Services,CTEM Cybersecurity Solutions,Top CTEM Solutions Overview,Pillar page,Mixed,Commercial,text
attack path,70,Security Management,Attack Surface Management,Exploring Attack Path Management,Supporting,Informational,Informational,text
ctem tools,70,Cybersecurity Services,CTEM Cybersecurity Solutions,Top CTEM Solutions Overview,Pillar page,Mixed,Commercial,text
top mdr vendors,70,Cybersecurity Services,MDR Cybersecurity Solutions,Leading MDR Vendors List,Supporting,Commercial,Commercial,text
compare siem products,70,Cybersecurity Services,SIEM Overview,Comparing SIEM Products and Providers,Supporting,Commercial,Commercial,text
open xdr vs native xdr,70,Cybersecurity Services,XDR Cybersecurity Solutions,Exploring Open XDR Platforms,Supporting,Mixed,Informational,text
attack surface management program,70,Security Management,Attack Surface Management,Top Attack Surface Management Solutions,Pillar page,Commercial,Commercial,text
next-generation antivirus,70,Cybersecurity Services,Next Generation Antivirus,Next Generation Antivirus Solutions,Pillar page,Commercial,Commercial,text
what is continuous threat exposure management,70,Risk Management,Threat Exposure Management,Understanding Continuous Threat Exposure Management,Supporting,Informational,Informational,text
mdr security companies,70,Cybersecurity Services,MDR Cybersecurity Solutions,MDR Security Services Overview,Supporting,Mixed,Commercial,text
cloud security risk management,70,Cybersecurity Practices,Cloud Security Solutions,Cloud Vulnerability Management Insights,Supporting,Mixed,Commercial,text
mdr remediation,70,Cybersecurity Services,MDR Cybersecurity Solutions,Top MDR Service Providers,Supporting,Commercial,Transactional,text
dast solution,70,Cybersecurity Practices,DAST Tools Overview,Best DAST Tools Comparison,Supporting,Commercial,Commercial,text
mdr monitoring,70,Cybersecurity Services,MDR Cybersecurity Solutions,MDR Tools and Monitoring,Supporting,Mixed,Transactional,text
mdr it solutions,70,Cybersecurity Services,MDR Cybersecurity Solutions,Top MDR Service Providers,Supporting,Commercial,Commercial,text
mdr security meaning,70,Cybersecurity Services,MDR Cybersecurity Solutions,MDR Security Services Overview,Supporting,Mixed,Informational,text
tip platform,50,Ungrouped (review),Ungrouped (review),Ungrouped (review),Ungrouped,Mixed,Commercial,text
trusted mdr vendor recommendations for socs,50,Cybersecurity Services,MDR Cybersecurity Solutions,MDR in Cybersecurity Explained,Supporting,Commercial,Commercial,text
exposure management solutions,50,Risk Management,Threat Exposure Management,Top Exposure Management Solutions,Pillar page,Commercial,Commercial,text
threat model examples,50,Threat Management,Threat Modeling Concepts,Understanding Threat Models,Pillar page,Informational,Informational,text
external attack surface management vendors,50,Security Management,Attack Surface Management,External Attack Surface Management Overview,Supporting,Commercial,Commercial,text
attack surface management leaders,50,Security Management,Attack Surface Management,Top Attack Surface Management Solutions,Pillar page,Commercial,Commercial,text
exposure management software,50,Risk Management,Threat Exposure Management,Top Exposure Management Solutions,Pillar page,Commercial,Commercial,text
mcp security best practices,50,Security Management,MCP Security Strategies,MCP Security Best Practices Guide,Pillar page,Commercial,Informational,text
managed application security,50,Cybersecurity Practices,Application Security Solutions,Comprehensive Application Security Solutions,Supporting,Commercial,Commercial,text
enterprise risk-based vulnerability management,50,Threat Management,Vulnerability Management,Risk-Based Vulnerability Management,Supporting,Commercial,Commercial,text
asm attack surface management,50,Security Management,Attack Surface Management,Top Attack Surface Management Solutions,Pillar page,Commercial,Informational,text
mdr products,50,Cybersecurity Services,MDR Cybersecurity Solutions,Top MDR Service Providers,Supporting,Commercial,Commercial,text
mdr partners,50,Cybersecurity Services,MDR Cybersecurity Solutions,Top MDR Service Providers,Supporting,Commercial,Commercial,text
managed response,50,Risk Management,Incident Response Solutions,Managed Incident Response Services,Pillar page,Commercial,Commercial,text
cyber security risk assessment tool,50,Risk Management,Cybersecurity Risk Management,Top Cybersecurity Risk Assessment Tools,Supporting,Commercial,Commercial,text
xdr service,50,Cybersecurity Services,XDR Cybersecurity Solutions,Understanding XDR Solutions,Pillar page,Commercial,Commercial,text
ctem program,50,Cybersecurity Services,CTEM Cybersecurity Solutions,Top CTEM Solutions Overview,Pillar page,Mixed,Informational,text
managed threat services,50,Cybersecurity Services,Managed Detection and Response,Managed Threat Detection Services Guide,Supporting,Commercial,Commercial,text
cloud risk management framework,50,Cybersecurity Practices,Cloud Security Solutions,Cloud Vulnerability Management Insights,Supporting,Mixed,Informational,text
vulnerability prioritization technology,50,Threat Management,Vulnerability Management,Vulnerability Prioritization Techniques,Supporting,Mixed,Commercial,text
risk management it security,50,Risk Management,Cybersecurity Risk Management,Risk Management in IT Security,Supporting,Informational,Informational,text
cloud native runtime security,50,Cybersecurity Practices,Cloud Security Solutions,Cloud Native Runtime Security Overview,Supporting,Informational,Commercial,text
cloud container security platform,50,Cybersecurity Practices,Cloud Security Solutions,Exploring Cloud Native Security,Supporting,Commercial,Commercial,text
vulnerability management solution companies,50,Threat Management,Vulnerability Management,Vulnerability Management Overview,Supporting,Commercial,Commercial,text
easm solution,50,Cybersecurity Services,EASM Cybersecurity Solutions,Top EASM Solutions Overview,Pillar page,Commercial,Commercial,text
what is kspm,50,Cybersecurity Practices,KSPM Overview,Understanding KSPM Basics,Pillar page,Mixed,Informational,text
asm vs caasm,40,Cybersecurity Practices,CaaS Security Insights,Understanding CAASM Concepts,Pillar page,Mixed,Informational,text
24/7 managed detection and incident response vendors,40,Cybersecurity Services,Managed Detection and Response,Comprehensive Managed Detection Services,Pillar page,Commercial,Commercial,text
xdr-as-a-service,40,Cybersecurity Services,XDR Cybersecurity Solutions,Understanding XDR Solutions,Pillar page,Commercial,Commercial,text
remediate risks,40,Risk Management,Risk Remediation Strategies,Understanding Risk Remediation,Pillar page,Informational,Transactional,text
red teaming as a service,40,Threat Management,Red Teaming Concepts,Red Team Testing Services Overview,Supporting,Mixed,Commercial,text
cyber risk reduction,40,Risk Management,Cybersecurity Risk Management,Effective Cyber Risk Reduction Techniques,Supporting,Mixed,Informational,text
managed soar,40,Cybersecurity Services,SOAR in Cybersecurity,Top SOAR Solutions and Services,Supporting,Commercial,Commercial,text
managed extended detection response,40,Cybersecurity Services,Managed Detection and Response,Overview of Extended Detection Solutions,Supporting,Commercial,Commercial,text
managed detection and response mdr solutions,40,Cybersecurity Services,Managed Detection and Response,Comprehensive Managed Detection Services,Pillar page,Commercial,Commercial,text
vulnerability remediation prioritization,40,Threat Management,Vulnerability Management,Vulnerability Prioritization Techniques,Supporting,Mixed,Transactional,text
managed detection & response service,40,Cybersecurity Services,Managed Detection and Response,Comprehensive Managed Detection Services,Pillar page,Commercial,Commercial,text
vulnerability management solutions companies,40,Threat Management,Vulnerability Management,Vulnerability Management Overview,Supporting,Commercial,Commercial,text
managed detection & response guide,40,Cybersecurity Services,Managed Detection and Response,Comprehensive Managed Detection Services,Pillar page,Commercial,Informational,text
dlp data loss prevention solutions,40,Cybersecurity Practices,Data Loss Prevention,Top DLP Security Solutions,Supporting,Commercial,Commercial,text
identity threat detection and response tools,40,Threat Management,Threat Detection Solutions,Identity Threat Detection Solutions,Supporting,Commercial,Commercial,text
enterprise mdr,40,Cybersecurity Services,MDR Cybersecurity Solutions,MDR in Cybersecurity Explained,Supporting,Commercial,Commercial,text
identity threat detection and remediation,40,Threat Management,Threat Detection Solutions,Identity Threat Detection Solutions,Supporting,Commercial,Commercial,text
top vulnerability management solutions,40,Threat Management,Vulnerability Management,Vulnerability Management Overview,Supporting,Commercial,Informational,text
how does managed detection and response work,40,Cybersecurity Services,Managed Detection and Response,Comprehensive Managed Detection Services,Pillar page,Commercial,Informational,text
threat exposure management platform,40,Risk Management,Threat Exposure Management,Exploring Threat Exposure Management Platforms,Supporting,Mixed,Commercial,text
managed threat detection response,40,Cybersecurity Services,Managed Detection and Response,Managed Threat Detection Services Guide,Supporting,Commercial,Commercial,text
casm security,40,Cybersecurity Practices,CaaS Security Insights,CAASM Security Insights,Supporting,Mixed,Commercial,text
cloud and regulatory compliance,40,Cybersecurity Practices,Cloud Security Solutions,Cloud Security and Compliance Overview,Supporting,Informational,Informational,text
cloud misconfiguration breaches,40,Cybersecurity Practices,Cloud Misconfiguration Risks,Understanding Cloud Misconfigurations,Pillar page,Informational,Informational,text
mdr protection,40,Cybersecurity Services,MDR Cybersecurity Solutions,Benefits of MDR Solutions,Supporting,Mixed,Transactional,text
continuous threat exposure management vendors,40,Risk Management,Threat Exposure Management,Understanding Continuous Threat Exposure Management,Supporting,Informational,Commercial,text
mdr comparison,40,Cybersecurity Services,MDR Cybersecurity Solutions,Top MDR Service Providers,Supporting,Commercial,Informational,text
what is mdr cyber security,40,Cybersecurity Services,MDR Cybersecurity Solutions,MDR in Cybersecurity Explained,Supporting,Commercial,Informational,text
exposure management tools,30,Risk Management,Threat Exposure Management,Top Exposure Management Solutions,Pillar page,Commercial,Commercial,text
attack surface security,30,Security Management,Attack Surface Management,Comprehensive Attack Surface Analysis,Supporting,Mixed,Commercial,text
vulnerability assessments tools,30,Threat Management,Vulnerability Management,Vulnerability Assessment Solutions,Pillar page,Commercial,Commercial,text
ai for vulnerability management,30,Threat Management,Vulnerability Management,AI in Vulnerability Management,Supporting,Commercial,Commercial,text
ctem continuous threat exposure management,30,Risk Management,Threat Exposure Management,Understanding Continuous Threat Exposure Management,Supporting,Informational,Informational,text
manage cyber attack surface,30,Security Management,Attack Surface Management,What Is an Attack Surface?,Supporting,Informational,Transactional,text
cloud misconfiguration examples,30,Cybersecurity Practices,Cloud Misconfiguration Risks,Understanding Cloud Misconfigurations,Pillar page,Informational,Informational,text
threat intelligence feed providers,30,Threat Management,Threat Intelligence Solutions,Threat Intelligence Feed Providers,Supporting,Commercial,Commercial,text
continuous threat and exposure management,30,Risk Management,Threat Exposure Management,Understanding Continuous Threat Exposure Management,Supporting,Informational,Informational,text
ci/cd,14800,Cybersecurity Practices,CI/CD Fundamentals,What Is CI/CD Explained,Pillar page,Informational,Informational,text
cmmc compliance software,320,Compliance and Governance,CMMC Compliance Solutions,CMMC Compliance Software Overview,Pillar page,Mixed,Commercial,text
drp solutions,320,Risk Management,DRP Overview,Exploring DRP Solutions Options,Supporting,Mixed,Commercial,text
mvm management,140,Threat Management,MVM Solutions,MVM Management and Security Insights,Pillar page,Commercial,Commercial,text
soar services,140,Cybersecurity Services,SOAR in Cybersecurity,Top SOAR Solutions and Services,Supporting,Commercial,Commercial,text
idps,5400,Cybersecurity Services,IDPS Overview,Understanding IDPS Systems,Pillar page,Mixed,Commercial,text
wormgpt,3600,Cybersecurity Practices,WormGPT Overview,What Is WormGPT?,Pillar page,Informational,Informational,text
network scanner,2900,Cybersecurity Services,Network Scanning Solutions,Top Network Scanning Tools,Pillar page,Commercial,Commercial,text
network access control,2900,Security Management,Network Access Control,Understanding Network Access Control Solutions,Pillar page,Commercial,Commercial,text
data masking,2400,Cybersecurity Practices,Data Masking Overview,Benefits and Examples of Data Masking,Pillar page,Informational,Commercial,text
it risk management,2400,Risk Management,Cybersecurity Risk Management,IT Risk Management Best Practices,Supporting,Informational,Informational,text
patch management software,1900,Threat Management,Patch Management Strategies,Comprehensive Patch Management Solutions,Pillar page,Commercial,Commercial,text
worm gpt,1600,Cybersecurity Practices,WormGPT Overview,What Is WormGPT?,Pillar page,Informational,Informational,text
nac network,1300,Security Management,NAC Solutions,NAC Network Access Solutions,Pillar page,Commercial,Commercial,text
dos attacks,1300,Threat Management,Denial of Service Attacks,Overview of DoS Attacks,Supporting,Informational,Informational,text
what is infrastructure as code,1000,Cybersecurity Practices,Infrastructure as Code,Understanding Infrastructure As Code,Pillar page,Informational,Informational,text
network traffic analysis,1000,Threat Management,Network Traffic Analysis,Essential Network Traffic Analysis Tools,Supporting,Commercial,Commercial,text
what is drp,1000,Risk Management,DRP Overview,What is DRP? A Comprehensive Guide,Pillar page,Informational,Informational,text
network access control solutions,1000,Security Management,Network Access Control,Understanding Network Access Control Solutions,Pillar page,Commercial,Commercial,text
managed xdr,880,Cybersecurity Services,XDR Cybersecurity Solutions,Managed XDR Services Guide,Supporting,Commercial,Commercial,text
aws security services,880,Cybersecurity Practices,Cloud Security Strategies,Top AWS Security Services,Supporting,Commercial,Commercial,text
network traffic,720,Threat Management,Network Traffic Analysis,Understanding Network Traffic Basics,Supporting,Informational,Informational,text
mdr providers,720,Cybersecurity Services,MDR Cybersecurity Solutions,Top MDR Service Providers,Supporting,Commercial,Commercial,text
what is it asset management,720,Risk Management,IT Asset Management,Introduction to IT Asset Management,Supporting,Mixed,Informational,text
pentesting tools,720,Threat Management,Penetration Testing Overview,Top Penetration Testing Tools,Supporting,Mixed,Commercial,text
what is rasp,720,Cybersecurity Practices,RASP Overview,Understanding RASP Technology,Supporting,Informational,Informational,text
lotl,590,Threat Management,LOTL Insights,What Does LOTL Mean?,Pillar page,Informational,Informational,text
information security risk management,590,Risk Management,Cybersecurity Risk Management,Comprehensive Security Risk Management,Supporting,Informational,Informational,text
attack surface reduction,590,Security Management,Attack Surface Management,Strategies for Attack Surface Reduction,Supporting,Informational,Informational,text
arbitrary code,590,Threat Management,Remote Code Execution,Arbitrary Code Execution Explained,Supporting,Informational,Informational,text
what is sandboxing,590,Cybersecurity Practices,Sandboxing in Cybersecurity,Understanding Sandboxing in Cybersecurity,Pillar page,Informational,Informational,text
3rd party risk management,590,Risk Management,Third Party Risk Management,Understanding Third Party Risk Management,Pillar page,Informational,Informational,text
backdoor access,590,Threat Management,Backdoor Cybersecurity,Exploring Backdoor Access,Pillar page,Informational,Informational,text
application programming interface security,480,Cybersecurity Practices,API Security Solutions,Overview of API Security,Supporting,Informational,Informational,text
patch management tools,480,Threat Management,Patch Management Strategies,Comprehensive Patch Management Solutions,Pillar page,Commercial,Commercial,text
nerc cip compliance,480,Compliance and Governance,Cybersecurity Compliance Solutions,Guide to NERC CIP Compliance,Supporting,Informational,Informational,text
what is patching,480,Threat Management,Patch Management Strategies,Introduction to Network Patching,Supporting,Informational,Informational,text
hitl meaning,480,Cybersecurity Practices,HITL Overview,Understanding HITL Meaning,Pillar page,Informational,Informational,text
deception technology,480,Threat Management,Deception Technology Insights,Understanding Deception Technology,Pillar page,Informational,Informational,text
what is a sandbox in cybersecurity,480,Cybersecurity Practices,Sandboxing in Cybersecurity,Understanding Sandboxing in Cybersecurity,Pillar page,Informational,Informational,text
devsecops as a service,480,Cybersecurity Practices,DevSecOps Overview,Defining DevSecOps Services,Pillar page,Informational,Commercial,text
intrusion detection system intrusion prevention system,480,Cybersecurity Services,Intrusion Detection Systems,Intrusion Detection And Prevention Overview,Pillar page,Mixed,Informational,text
whaling cyber security,480,Threat Management,Whaling Cybersecurity,Whaling in Cyber Security,Supporting,Informational,Informational,text
vulnerability management policy,480,Threat Management,Vulnerability Management,Vulnerability Management Best Practices,Supporting,Informational,Informational,text
it asset,480,Risk Management,IT Asset Management,Overview of IT Asset Inventory,Supporting,Informational,Informational,text
cyber threat intelligence feeds,390,Threat Management,Threat Intelligence Solutions,Understanding Cyber Threat Intelligence,Supporting,Mixed,Commercial,text
what does mdr mean,390,Cybersecurity Services,MDR Cybersecurity Solutions,Understanding MDR Concepts,Supporting,Informational,Informational,text
patch management solutions,390,Threat Management,Patch Management Strategies,Comprehensive Patch Management Solutions,Pillar page,Commercial,Commercial,text
what is idps,390,Cybersecurity Services,IDPS Overview,What Is IDPS?,Supporting,Informational,Informational,text
pentest as a service,390,Threat Management,Penetration Testing Overview,Penetration Testing as a Service,Supporting,Transactional,Commercial,text
threat modeling frameworks,320,Threat Management,Threat Modeling Concepts,Threat Modeling Frameworks and Process,Supporting,Informational,Informational,text
security and risk management,320,Risk Management,Cybersecurity Risk Management,Comprehensive Security Risk Management,Supporting,Informational,Informational,text
patch management best practices,320,Threat Management,Patch Management Strategies,Comprehensive Patch Management Solutions,Pillar page,Commercial,Informational,text
network vulnerabilities,320,Threat Management,Vulnerability Management,Security Vulnerabilities Overview,Supporting,Informational,Informational,text
information security and risk management,320,Risk Management,Cybersecurity Risk Management,Comprehensive Security Risk Management,Supporting,Informational,Informational,text
living off the land attack,320,Threat Management,Living Off the Land Attacks,Understanding Living Off The Land Attacks,Pillar page,Informational,Informational,text
intrusion detection prevention,320,Cybersecurity Services,Intrusion Detection Systems,Intrusion Detection And Prevention Overview,Pillar page,Mixed,Informational,text
what is fedramp compliance,320,Compliance and Governance,FedRAMP Overview,Understanding FedRAMP Compliance,Pillar page,Informational,Informational,text
soc reporting meaning,320,Security Management,SOC Reporting Insights,Comprehensive Guide to SOC Reports,Pillar page,Informational,Informational,text
soc as a service providers,260,Cybersecurity Services,SOC as a Service,Understanding SOC as a Service,Supporting,Commercial,Commercial,text
web security vulnerabilities,260,Cybersecurity Practices,Application Security Solutions,Common Web Application Vulnerabilities,Supporting,Informational,Informational,text
what is a malware attack,260,Threat Management,Malware Attacks Overview,Defining Malware Attacks,Pillar page,Informational,Informational,text
atp cyber security,260,Threat Management,ATP Cyber Security,ATP Cyber Security Solutions Overview,Pillar page,Commercial,Commercial,text
botnet examples,260,Threat Management,Botnet Overview,Real-World Botnet Examples,Supporting,Informational,Informational,text
malicious ads meaning,210,Threat Management,Malvertising Explained,Defining Malicious Ads Meaning,Supporting,Informational,Informational,text
what is network detection and response,210,Cybersecurity Services,Managed Detection and Response,Network Detection and Response Explained,Supporting,Commercial,Informational,text
network security controls,210,Compliance and Governance,Critical Security Controls,Essential Network Security Controls,Supporting,Informational,Informational,text
risk and security management,210,Risk Management,Cybersecurity Risk Management,Comprehensive Security Risk Management,Supporting,Informational,Informational,text
data leakage meaning,170,Cybersecurity Practices,Data Loss Prevention,Meaning of Data Leakage,Supporting,Informational,Informational,text
sandboxing in cyber security,170,Cybersecurity Practices,Sandboxing in Cybersecurity,Understanding Sandboxing in Cybersecurity,Pillar page,Informational,Informational,text
information security risk,170,Risk Management,Cybersecurity Risk Management,Information Security Risk Assessment Insights,Supporting,Mixed,Informational,text
information risk management,170,Risk Management,Cybersecurity Risk Management,IT Risk Management Best Practices,Supporting,Informational,Informational,text
rbac cyber security,170,Security Management,RBAC in Cyber Security,RBAC in Cyber Security Explained,Pillar page,Informational,Informational,text
penetration testing vendors,170,Threat Management,Penetration Testing Overview,Choosing Pen Testing Services,Supporting,Transactional,Transactional,text
service organization control,170,Compliance and Governance,Service Organization Control,Understanding Service Organization Control,Pillar page,Informational,Informational,text
what is sandboxing in cyber security,170,Cybersecurity Practices,Sandboxing in Cybersecurity,Understanding Sandboxing in Cybersecurity,Pillar page,Informational,Informational,text
what is hitl,170,Cybersecurity Practices,HITL Overview,Understanding HITL Meaning,Pillar page,Informational,Informational,text
what is a cyber physical system,140,Cybersecurity Practices,Cyber-Physical Systems,Understanding Cyber Physical Systems,Pillar page,Informational,Informational,text
asset it management,140,Risk Management,IT Asset Management,Introduction to IT Asset Management,Supporting,Mixed,Commercial,text
continuous automated red teaming,140,Threat Management,Red Teaming Concepts,Automated Red Teaming Explained,Supporting,Mixed,Commercial,text
24 7 threat monitoring,140,Cybersecurity Practices,24/7 Cybersecurity Services,24/7 Cybersecurity Monitoring Services,Pillar page,Transactional,Commercial,text
rasp vs waf,140,Cybersecurity Practices,WAF Security Solutions,RASP vs WAF Comparison Guide,Supporting,Informational,Informational,text
data masking examples,110,Cybersecurity Practices,Data Masking Overview,Benefits and Examples of Data Masking,Pillar page,Informational,Informational,text
data encryption meaning,110,Cybersecurity Practices,Data Encryption Overview,Understanding Data Encryption Meaning,Supporting,Mixed,Informational,text
managed security companies,110,Cybersecurity Services,Managed Security Solutions,Trusted Managed Security Companies,Supporting,Commercial,Commercial,text
network patching,110,Threat Management,Patch Management Strategies,Introduction to Network Patching,Supporting,Informational,Informational,text
automated patch management tools,110,Threat Management,Patch Management Strategies,Understanding Patch Management Basics,Supporting,Mixed,Commercial,text
how do you ensure data integrity,110,Cybersecurity Practices,Data Integrity Overview,Understanding Data Integrity,Pillar page,Informational,Informational,text
mdr cost,90,Cybersecurity Services,MDR Cybersecurity Solutions,MDR Pricing Insights,Supporting,Mixed,Commercial,text
attack simulation,90,Threat Management,Breach Attack Simulation,Overview Of Breach Attack Simulation,Supporting,Commercial,Informational,text
what is managed xdr,90,Cybersecurity Services,XDR Cybersecurity Solutions,What Is XDR Explained,Supporting,Informational,Informational,text
what is the data encryption standard,90,Ungrouped (review),Ungrouped (review),Ungrouped (review),Ungrouped,Mixed,Informational,text
mxdr security,90,Cybersecurity Services,XDR Cybersecurity Solutions,MXDR Solutions Overview,Supporting,Commercial,Commercial,text
backdoor cyber security,90,Threat Management,Backdoor Cybersecurity,Backdoor Malware in Cyber Security,Supporting,Informational,Informational,text
uba cyber security,90,Cybersecurity Practices,Cybersecurity Innovations,User and Entity Behavior Analytics Overview,Supporting,Informational,Informational,text
machine learning for security,90,Cybersecurity Practices,Machine Learning in Cybersecurity,Machine Learning in Cybersecurity,Pillar page,Informational,Informational,text
zero trust as a service,90,Security Management,Zero Trust Security,Exploring Zero Trust Architecture,Pillar page,Informational,Commercial,text
managed xdr services,90,Cybersecurity Services,XDR Cybersecurity Solutions,Managed XDR Services Guide,Supporting,Commercial,Transactional,text
risk management in information security,90,Risk Management,Cybersecurity Risk Management,Risk Management in IT Security,Supporting,Informational,Informational,text
red team vs penetration testing,70,Threat Management,Red Teaming Concepts,Red Team Testing Services Overview,Supporting,Mixed,Informational,text
security patching,70,Threat Management,Patch Management Strategies,Vulnerability and Security Patching,Supporting,Mixed,Informational,text
analyst-backed mdr vendor recommendations,70,Cybersecurity Services,MDR Cybersecurity Solutions,MDR in Cybersecurity Explained,Supporting,Commercial,Commercial,text
eap security,70,Cybersecurity Practices,EAP Cybersecurity Overview,Understanding EAP Cybersecurity,Pillar page,Informational,Informational,text
what is ndr in cyber security,70,Threat Management,NDR Insights,NDR in Cyber Security Explained,Supporting,Mixed,Informational,text
web application security services,70,Cybersecurity Practices,Application Security Solutions,Web Application Security Assessment Guide,Supporting,Mixed,Transactional,text
what is drps,70,Risk Management,DRP Overview,What is DRP? A Comprehensive Guide,Pillar page,Informational,Informational,text
ddos vs dos attacks,70,Threat Management,Denial of Service Attacks,Understanding DDoS and DoS Attacks,Pillar page,Informational,Informational,text
how rbac solutions integrate with iam,50,Security Management,RBAC in Cyber Security,RBAC in Cyber Security Explained,Pillar page,Informational,Informational,text
command trial,50,Ungrouped (review),Ungrouped (review),Ungrouped (review),Ungrouped,Mixed,Transactional,text
what is cloud computing cyber security fundamentals,50,Cybersecurity Practices,Cloud Security Solutions,Cloud Security Fundamentals Guide,Supporting,Informational,Informational,text
what is a backdoor attack,50,Threat Management,Backdoor Cybersecurity,Understanding Backdoor Attacks,Supporting,Informational,Informational,text
data masking cyber security,50,Cybersecurity Practices,Data Masking Overview,Benefits and Examples of Data Masking,Pillar page,Informational,Informational,text
proven mdr provider with threat intel integration,50,Cybersecurity Services,MDR Cybersecurity Solutions,MDR in Cybersecurity Explained,Supporting,Commercial,Commercial,text
what is red team testing,50,Threat Management,Red Teaming Concepts,Introduction to Red Teaming,Pillar page,Informational,Informational,text
24/7 cybersecurity monitoring with human analysts providers,40,Cybersecurity Practices,24/7 Cybersecurity Services,24/7 Cybersecurity Monitoring Services,Pillar page,Transactional,Transactional,text
asm products,40,Cybersecurity Services,ASM Security Solutions,Top ASM Tools and Software,Supporting,Commercial,Commercial,text
wormgpt malware,40,Cybersecurity Practices,WormGPT Overview,What Is WormGPT?,Pillar page,Informational,Informational,text
proven mdr solutions for fast roi,40,Cybersecurity Services,MDR Cybersecurity Solutions,Top MDR Service Providers,Supporting,Commercial,Commercial,text
breach & attack simulation,40,Threat Management,Breach Attack Simulation,Top Breach And Attack Simulation Tools,Pillar page,Commercial,Informational,text
security incident & event management,30,Cybersecurity Services,SIEM Overview,Overview of Security Information Management,Supporting,Informational,Informational,text
20 critical security controls,30,Compliance and Governance,Critical Security Controls,Overview of Critical Security Controls,Pillar page,Informational,Informational,text
abac definition,30,Security Management,ABAC Overview,Understanding ABAC Definition,Pillar page,Informational,Informational,text
ai-driven vulnerability management platform,0,Threat Management,Vulnerability Management,AI in Vulnerability Management,Supporting,Commercial,Commercial,text
api testing,4400,Cybersecurity Practices,API Security Solutions,Essential API Testing Tools,Pillar page,Mixed,Informational,text
api testing tools,1900,Cybersecurity Practices,API Security Solutions,Essential API Testing Tools,Pillar page,Mixed,Commercial,text
asm platform,20,Cybersecurity Services,ASM Security Solutions,Top ASM Tools and Software,Supporting,Commercial,Commercial,text
attack surface asset management,30,Security Management,Attack Surface Management,Top Attack Surface Management Solutions,Pillar page,Commercial,Commercial,text
attack surface discovery platform,10,Security Management,Attack Surface Management,Comprehensive Attack Surface Analysis,Supporting,Mixed,Commercial,text
best ctem solutions,10,Cybersecurity Services,CTEM Cybersecurity Solutions,Top CTEM Solutions Overview,Pillar page,Mixed,Commercial,text
breach and attack simulation platform,30,Threat Management,Breach Attack Simulation,Top Breach And Attack Simulation Tools,Pillar page,Commercial,Commercial,text
breach attack simulation tools,20,Threat Management,Breach Attack Simulation,Overview Of Breach Attack Simulation,Supporting,Commercial,Commercial,text
caasm cybersecurity,20,Cybersecurity Practices,CaaS Security Insights,CAASM Security Insights,Supporting,Mixed,Informational,text
casm cyber security,20,Cybersecurity Practices,CaaS Security Insights,CAASM Security Insights,Supporting,Mixed,Informational,text
cira security,20,Cybersecurity Services,CTEM Cybersecurity Solutions,CTEM in Cybersecurity Explained,Supporting,Informational,Informational,text
cloud infrastructure management,1000,Cybersecurity Practices,Cloud Security Solutions,Cloud Infrastructure Management Basics,Supporting,Mixed,Informational,text
cloud migration,5400,Cybersecurity Practices,Cloud Security Solutions,Securing Cloud Migration Processes,Supporting,Mixed,Transactional,text
cloud migration tools,1000,Cybersecurity Practices,Cloud Security Solutions,Essential Cloud Security Tools,Supporting,Commercial,Commercial,text
cloud risk framework,20,Cybersecurity Practices,Cloud Security Solutions,Cloud Vulnerability Management Insights,Supporting,Mixed,Informational,text
co-managed siem services,10,Cybersecurity Services,SIEM Overview,Co-Managed SIEM Services,Supporting,Commercial,Transactional,text
compare siem providers,0,Cybersecurity Services,SIEM Overview,Comparing SIEM Products and Providers,Supporting,Commercial,Commercial,text
continuous exposure management,20,Risk Management,Threat Exposure Management,Understanding Continuous Threat Exposure Management,Supporting,Informational,Commercial,text
continuous threat exposure assessment,10,Risk Management,Threat Exposure Management,Understanding Continuous Threat Exposure Management,Supporting,Informational,Informational,text
continuous threat exposure management ctem,30,Risk Management,Threat Exposure Management,Understanding Continuous Threat Exposure Management,Supporting,Informational,Informational,text
cps threat detection,30,Cybersecurity Practices,Cloud Security Posture Management,CSPM Tools and Vendors Overview,Pillar page,Commercial,Informational,text
ctem security platform,20,Cybersecurity Services,CTEM Cybersecurity Solutions,CTEM in Cybersecurity Explained,Supporting,Informational,Commercial,text
cyber asset management platform,20,Risk Management,Cybersecurity Risk Management,Cyber Security Asset Management Solutions,Supporting,Commercial,Commercial,text
cyber risk assessment platform,30,Risk Management,Cybersecurity Risk Management,Best Cyber Risk Management Platforms,Supporting,Commercial,Commercial,text
cyber risk exposure monitoring,10,Risk Management,Cybersecurity Risk Management,Cyber Exposure Management Strategies,Supporting,Commercial,Informational,text
cybersecurity exposure management,30,Risk Management,Cybersecurity Risk Management,Cyber Exposure Management Strategies,Supporting,Commercial,Commercial,text
data security,9900,Cybersecurity Practices,Data Security Overview,Overview of Data Security,Pillar page,Informational,Informational,text
denial of service and distributed denial of service attacks,2400,Threat Management,Denial of Service Attacks,Understanding DDoS and DoS Attacks,Pillar page,Informational,Informational,text
digital attack surface protection,10,Security Management,Attack Surface Management,External Attack Surface Management Overview,Supporting,Commercial,Commercial,text
drp meaning,2400,Risk Management,DRP Overview,What is DRP? A Comprehensive Guide,Pillar page,Informational,Informational,text
eap network security,20,Cybersecurity Practices,EAP Cybersecurity Overview,Understanding EAP Cybersecurity,Pillar page,Informational,Informational,text
eap security meaning,20,Cybersecurity Practices,EAP Cybersecurity Overview,Understanding EAP Cybersecurity,Pillar page,Informational,Informational,text
exposure risk scoring,20,Risk Management,Exposure Assessment Solutions,Understanding Exposure Assessment Platforms,Pillar page,Informational,Informational,text
external attack surface security,10,Security Management,Attack Surface Management,External Attack Surface Management Overview,Supporting,Commercial,Commercial,text
full-service mdr providers with 24/7 monitoring,30,Cybersecurity Practices,24/7 Cybersecurity Services,24/7 Cybersecurity Monitoring Services,Pillar page,Transactional,Transactional,text
honeypot as a service,20,Threat Management,Penetration Testing Overview,Penetration Testing as a Service,Supporting,Transactional,Transactional,text
hybrid risk management,20,Risk Management,Cybersecurity Risk Management,IT Risk Management Best Practices,Supporting,Informational,Informational,text
iam infrastructure,20,Cybersecurity Practices,Infrastructure as Code,IAC Meaning and Security Insights,Supporting,Informational,Informational,text
infrastructure as code,6600,Cybersecurity Practices,Infrastructure as Code,Understanding Infrastructure As Code,Pillar page,Informational,Informational,text
itam software,1300,Risk Management,IT Asset Management,Leading ITAM Software Solutions,Supporting,Commercial,Commercial,text
living off the land attack examples,30,Threat Management,Living Off the Land Attacks,Understanding Living Off The Land Attacks,Pillar page,Informational,Informational,text
lpa,18100,Security Management,LPA Overview,Understanding LPA Meaning,Pillar page,Informational,Informational,text
lpa meaning,1600,Security Management,LPA Overview,Understanding LPA Meaning,Pillar page,Informational,Informational,text
managed cyber risk reduction,20,Risk Management,Cybersecurity Risk Management,Effective Cyber Risk Reduction Techniques,Supporting,Mixed,Commercial,text
managed drp,0,Risk Management,DRP Overview,What is DRP? A Comprehensive Guide,Pillar page,Informational,Transactional,text
managed security services mdr,0,Cybersecurity Services,Managed Detection and Response,Comprehensive Managed Detection Services,Pillar page,Commercial,Transactional,text
managed threat protection,30,Cybersecurity Services,Managed Detection and Response,Managed Threat Detection Services Guide,Supporting,Commercial,Transactional,text
managed vulnerability management services,40,Threat Management,Vulnerability Management,Managed Vulnerability Services,Supporting,Commercial,Transactional,text
managed xdr providers,30,Cybersecurity Services,XDR Cybersecurity Solutions,Managed XDR Services Guide,Supporting,Commercial,Commercial,text
managed xdr security,20,Cybersecurity Services,XDR Cybersecurity Solutions,Managed XDR Services Guide,Supporting,Commercial,Commercial,text
mdr detection lifecycle,0,Cybersecurity Services,MDR Cybersecurity Solutions,MDR Tools and Monitoring,Supporting,Mixed,Informational,text
mdr for enterprise,0,Cybersecurity Services,MDR Cybersecurity Solutions,MDR Solutions for Enterprises,Supporting,Commercial,Commercial,text
mdr meaning security,20,Cybersecurity Services,MDR Cybersecurity Solutions,MDR Security Services Overview,Supporting,Mixed,Informational,text
mdr roi,30,Cybersecurity Services,MDR Cybersecurity Solutions,MDR Definition and Meaning,Pillar page,Informational,Informational,text
mdr soc model,0,Cybersecurity Services,MDR Cybersecurity Solutions,MDR vs SOC Comparison,Supporting,Informational,Informational,text
mtdr,1000,Cybersecurity Services,MTDR Overview,Understanding MTDR Technology,Pillar page,Informational,Informational,text
mvm security,40,Threat Management,MVM Solutions,MVM Management and Security Insights,Pillar page,Commercial,Commercial,text
mxdr providers,20,Cybersecurity Services,XDR Cybersecurity Solutions,MXDR Solutions Overview,Supporting,Commercial,Commercial,text
mxdr service,30,Cybersecurity Services,XDR Cybersecurity Solutions,MXDR Solutions Overview,Supporting,Commercial,Commercial,text
mxdr solutions,30,Cybersecurity Services,XDR Cybersecurity Solutions,MXDR Solutions Overview,Supporting,Commercial,Commercial,text
mxdr vendor,10,Cybersecurity Services,MDR Cybersecurity Solutions,Leading MDR Vendors List,Supporting,Commercial,Commercial,text
network exposure assessment,10,Risk Management,Exposure Assessment Solutions,Understanding Exposure Assessment Platforms,Pillar page,Informational,Informational,text
new york department of financial services,1600,Compliance and Governance,New York Cyber Regulations,New York DFS Overview,Pillar page,Navigational,Navigational,text
next gen xdr,20,Cybersecurity Services,XDR Cybersecurity Solutions,What Is XDR Explained,Supporting,Informational,Informational,text
ngav meaning,20,Cybersecurity Services,NGAV Overview,Understanding NGAV Solutions,Pillar page,Mixed,Informational,text
ngav vendors,30,Cybersecurity Services,NGAV Overview,Understanding NGAV Solutions,Pillar page,Mixed,Commercial,text
nta,9900,Threat Management,NTA Definition,Understanding NTA Meaning,Pillar page,Informational,Informational,text
nta meaning,5400,Threat Management,NTA Definition,Understanding NTA Meaning,Pillar page,Informational,Informational,text
nydfs,4400,Compliance and Governance,New York Cyber Regulations,NYDFS Quick Access,Supporting,Navigational,Navigational,text
open inteligence,0,Threat Management,Open Source Intelligence,Understanding Open Source Intelligence,Pillar page,Informational,Informational,text
pentest tools,1900,Threat Management,Penetration Testing Overview,Top Penetration Testing Tools,Supporting,Mixed,Commercial,text
pentesting,5400,Threat Management,Penetration Testing Overview,Understanding Pen Testing Basics,Supporting,Mixed,Informational,text
red team testing services,20,Threat Management,Red Teaming Concepts,Red Team Testing Services Overview,Supporting,Mixed,Transactional,text
risk assessment tools in cyber security,20,Risk Management,Cybersecurity Risk Management,Top Cybersecurity Risk Assessment Tools,Supporting,Commercial,Commercial,text
risk based vulnerability management tool,20,Threat Management,Vulnerability Management,Risk-Based Vulnerability Management,Supporting,Commercial,Commercial,text
risk management as a service,40,Risk Management,Cybersecurity Risk Management,Risk Management in IT Security,Supporting,Informational,Commercial,text
rtaas,30,Ungrouped (review),Ungrouped (review),Ungrouped (review),Ungrouped,Mixed,Informational,text
scap compliance,20,Compliance and Governance,SCAP Compliance Framework,Understanding SCAP Compliance,Pillar page,Informational,Informational,text
security vulnerability assessment tools,20,Threat Management,Vulnerability Management,Vulnerability Assessment Solutions,Pillar page,Commercial,Commercial,text
threat detection management,20,Threat Management,Threat Detection Solutions,Top Threat Detection Software,Pillar page,Commercial,Commercial,text
top easm solutions,0,Cybersecurity Services,EASM Cybersecurity Solutions,Top EASM Solutions Overview,Pillar page,Commercial,Commercial,text
vulnerability assessment platform,40,Threat Management,Vulnerability Management,Vulnerability Assessment Solutions,Pillar page,Commercial,Commercial,text
vulnerability management examples,30,Threat Management,Vulnerability Management,Examples of Vulnerabilities,Supporting,Informational,Informational,text
vulnerability management in software,10,Threat Management,Vulnerability Management,Vulnerability Management Overview,Supporting,Commercial,Informational,text
vulnerability.management,0,Threat Management,Vulnerability Management,Vulnerability Management Overview,Supporting,Commercial,Informational,text
what attribute based access control,0,Security Management,Attribute-Based Access Control,Understanding Attribute Based Access Control,Pillar page,Informational,Informational,text
what is cloud runtime security,0,Cybersecurity Practices,Cloud Security Solutions,Cloud Native Runtime Security Overview,Supporting,Informational,Informational,text
what is kerberosting,0,Ungrouped (review),Ungrouped (review),Ungrouped (review),Ungrouped,Mixed,Informational,text
what is lpa,1300,Security Management,LPA Overview,Understanding LPA Meaning,Pillar page,Informational,Informational,text
what is mdr cybersecurity,10,Cybersecurity Services,MDR Cybersecurity Solutions,MDR in Cybersecurity Explained,Supporting,Commercial,Informational,text
what is risk remediation,20,Risk Management,Risk Remediation Strategies,Understanding Risk Remediation,Pillar page,Informational,Informational,text
xdr company,10,Cybersecurity Services,XDR Cybersecurity Solutions,Top XDR Vendors Reviewed,Supporting,Commercial,Commercial,text
xdr provider,20,Cybersecurity Services,XDR Cybersecurity Solutions,Top XDR Vendors Reviewed,Supporting,Commercial,Commercial,text
xdr security services,30,Cybersecurity Services,XDR Cybersecurity Solutions,XDR in Cybersecurity Overview,Supporting,Commercial,Commercial,text
xdr security solution,10,Cybersecurity Services,XDR Cybersecurity Solutions,XDR in Cybersecurity Overview,Supporting,Commercial,Commercial,text
xdr vendor,20,Cybersecurity Services,XDR Cybersecurity Solutions,Top XDR Vendors Reviewed,Supporting,Commercial,Commercial,text
soc report meaning,880,Security Management,SOC Reporting Insights,Comprehensive Guide to SOC Reports,Pillar page,Informational,Informational,text
nac solution,880,Security Management,NAC Solutions,Exploring NAC Solutions,Supporting,Mixed,Commercial,text
it asset mgmt,720,Risk Management,IT Asset Management,Understanding IT Asset Management,Pillar page,Mixed,Commercial,text
soc reporting,590,Security Management,SOC Reporting Insights,Comprehensive Guide to SOC Reports,Pillar page,Informational,Commercial,text
patch management policy,590,Threat Management,Patch Management Strategies,Comprehensive Patch Management Solutions,Pillar page,Commercial,Informational,text
nac networking,590,Security Management,NAC Solutions,NAC Network Access Solutions,Pillar page,Commercial,Commercial,text
network access control nac,480,Security Management,Network Access Control,Understanding Network Access Control Solutions,Pillar page,Commercial,Commercial,text
what is nist cybersecurity framework,480,Compliance and Governance,NIST Cybersecurity Framework,Overview of NIST Cybersecurity Framework,Supporting,Informational,Informational,text
idps meaning,480,Cybersecurity Services,IDPS Overview,Understanding IDPS Systems,Pillar page,Mixed,Informational,text
nac solutions,390,Security Management,NAC Solutions,Exploring NAC Solutions,Supporting,Mixed,Transactional,text
nac cyber security,390,Security Management,NAC Solutions,NAC Cybersecurity Overview,Supporting,Commercial,Commercial,text
third party cyber risk management,390,Risk Management,Third Party Risk Management,Third Party Cyber Risk Solutions,Supporting,Commercial,Commercial,text
soc controls,390,Security Management,SOC Reporting Insights,Overview of SOC Controls,Supporting,Informational,Informational,text
what is network access control,390,Security Management,Network Access Control,Understanding Network Access Control Solutions,Pillar page,Commercial,Informational,text
nys department of financial services cybersecurity regulation,320,Compliance and Governance,New York Cyber Regulations,Cybersecurity Regulations Guide,Supporting,Informational,Informational,text
wormgpt what is wormgpt,320,Cybersecurity Practices,WormGPT Overview,What Is WormGPT?,Pillar page,Informational,Informational,text
cybersecurity compliance standards,320,Compliance and Governance,Cybersecurity Compliance Solutions,Overview of Cybersecurity Compliance Standards,Supporting,Informational,Informational,text
what is a dictionary attack,260,Threat Management,Dictionary Attacks,Understanding Dictionary Attacks,Supporting,Informational,Informational,text
network access controls,260,Security Management,Network Access Control,Understanding Network Access Control Solutions,Pillar page,Commercial,Commercial,text
dictionary attacks,260,Threat Management,Dictionary Attacks,Overview of Dictionary Attacks,Pillar page,Informational,Informational,text
it and risk management,260,Risk Management,Cybersecurity Risk Management,IT Risk Management Best Practices,Supporting,Informational,Commercial,text
malware and ransomware,210,Threat Management,Ransomware Awareness,Malware Versus Ransomware Explained,Supporting,Informational,Informational,text
nac network access,210,Security Management,NAC Solutions,NAC Network Access Solutions,Pillar page,Commercial,Transactional,text
nac security,210,Security Management,NAC Solutions,NAC Cybersecurity Overview,Supporting,Commercial,Commercial,text
what is wormgpt,210,Cybersecurity Practices,WormGPT Overview,What Is WormGPT?,Pillar page,Informational,Informational,text
regulatory framework,210,Compliance and Governance,Regulatory Framework Overview,Understanding Regulatory Frameworks,Pillar page,Informational,Informational,text
advanced threat protection solutions,140,Threat Management,Advanced Threat Protection,Advanced Threat Protection Solutions,Pillar page,Commercial,Commercial,text
network security analysis,140,Cybersecurity Services,Network Security Solutions,Guide to Network Security Analysis,Supporting,Informational,Informational,text
nac cybersecurity,140,Security Management,NAC Solutions,NAC Cybersecurity Overview,Supporting,Commercial,Commercial,text
nac network access control,140,Security Management,Network Access Control,Understanding Network Access Control Solutions,Pillar page,Commercial,Commercial,text
third party risk management best practices,140,Risk Management,Third Party Risk Management,Understanding Third Party Risk Management,Pillar page,Informational,Informational,text
what is human in the loop,110,Cybersecurity Practices,Human-in-the-Loop Overview,Understanding Human In The Loop,Pillar page,Informational,Informational,text
bas cybersecurity,110,Cybersecurity Practices,Cybersecurity Innovations,Business Application Security Solutions,Supporting,Commercial,Commercial,text
ot software,110,Cybersecurity Practices,Operational Technology Overview,Best OT Software Solutions,Supporting,Commercial,Commercial,text
gdpr data masking,110,Cybersecurity Practices,Data Masking Overview,Data Masking Under GDPR Compliance,Supporting,Informational,Informational,text
spoofing detection,110,Threat Management,Spoofing Explained,Techniques for Spoofing Detection,Supporting,Informational,Informational,text
what is an idps,90,Cybersecurity Services,IDPS Overview,What Is IDPS?,Supporting,Informational,Informational,text
iam as a service,90,Cybersecurity Services,ASM Security Solutions,Understanding ASM Security Concepts,Supporting,Informational,Commercial,text
lotl meaning,90,Threat Management,LOTL Insights,What Does LOTL Mean?,Pillar page,Informational,Informational,text
deep learning security,70,Cybersecurity Practices,Machine Learning in Cybersecurity,Deep Learning for Security,Supporting,Informational,Informational,text
security & risk management,70,Risk Management,Cybersecurity Risk Management,Comprehensive Security Risk Management,Supporting,Informational,Commercial,text
automated breach and attack simulation,70,Threat Management,Breach Attack Simulation,Top Breach And Attack Simulation Tools,Pillar page,Commercial,Commercial,text
network access control definition,70,Security Management,Network Access Control,Understanding Network Access Control Solutions,Pillar page,Commercial,Informational,text
what is rbac in cyber security,70,Security Management,RBAC in Cyber Security,RBAC in Cyber Security Explained,Pillar page,Informational,Informational,text
deep learning in security,70,Cybersecurity Practices,Machine Learning in Cybersecurity,Deep Learning for Security,Supporting,Informational,Informational,text
what is whale phishing,70,Threat Management,Whaling Cybersecurity,What Is Whale Phishing?,Supporting,Informational,Informational,text
identity and access management as a service,70,Security Management,Identity Access Management,Comprehensive IAM Tools Guide,Supporting,Commercial,Commercial,text
dark web guide,70,Threat Management,Dark Web Insights,Comprehensive Dark Web Guide,Pillar page,Informational,Informational,text
24/7 cybersecurity monitoring,50,Cybersecurity Practices,24/7 Cybersecurity Services,24/7 Cybersecurity Monitoring Services,Pillar page,Transactional,Transactional,text
what is eap in cyber security,50,Cybersecurity Practices,EAP Cybersecurity Overview,Understanding EAP Cybersecurity,Pillar page,Informational,Informational,text
data masking benefits,50,Cybersecurity Practices,Data Masking Overview,Benefits and Examples of Data Masking,Pillar page,Informational,Informational,text
continuous red teaming,50,Threat Management,Red Teaming Concepts,Introduction to Red Teaming,Pillar page,Informational,Informational,text
runtime in cloud computing,50,Cybersecurity Practices,Cloud Security Solutions,Cloud Native Runtime Security Overview,Supporting,Informational,Informational,text
malware cyber attack,50,Threat Management,Malware Attacks Overview,Defining Malware Attacks,Pillar page,Informational,Informational,text
machine learning threat intelligence,50,Cybersecurity Practices,Machine Learning in Cybersecurity,Machine Learning in Cybersecurity,Pillar page,Informational,Informational,text
asm software,40,Cybersecurity Services,ASM Security Solutions,Top ASM Tools and Software,Supporting,Commercial,Commercial,text
what is an ot environment,40,Ungrouped (review),Ungrouped (review),Ungrouped (review),Ungrouped,Mixed,Informational,text
drp cybersecurity,40,Risk Management,DRP Overview,Understanding DRP in Cyber Security,Supporting,Informational,Informational,text
ndr products,30,Threat Management,NDR Insights,Top NDR Solutions Available,Supporting,Commercial,Commercial,text
deep learning cybersecurity,30,Cybersecurity Practices,Machine Learning in Cybersecurity,Deep Learning for Security,Supporting,Informational,Informational,text
24/7 managed it services,170,Cybersecurity Practices,24/7 Cybersecurity Services,Comprehensive 24/7 IT Management,Supporting,Transactional,Transactional,text
automated red teaming,140,Threat Management,Red Teaming Concepts,Automated Red Teaming Explained,Supporting,Mixed,Informational,text
benefits of continuous integration,390,Cybersecurity Practices,Continuous Integration Overview,Advantages of Continuous Integration,Supporting,Informational,Informational,text
benefits of it asset management,210,Risk Management,IT Asset Management,Benefits of IT Asset Management,Supporting,Informational,Informational,text
botnet attack,720,Threat Management,Botnet Overview,Botnet Attacks and Their Meaning,Supporting,Informational,Informational,text
cira meaning,210,Cybersecurity Services,Cira Overview,CIRA Meaning Explained,Pillar page,Informational,Informational,text
continuous integration and continuous delivery,590,Cybersecurity Practices,Continuous Integration Overview,CI vs CD Explained,Supporting,Informational,Informational,text
continuous integration continuous delivery,390,Cybersecurity Practices,Continuous Integration Overview,CI vs CD Explained,Supporting,Informational,Informational,text
denial of service attack today,210,Threat Management,Denial of Service Attacks,Current Trends in DoS Attacks,Supporting,Informational,Informational,text
drps,480,Risk Management,DRP Overview,What is DRP? A Comprehensive Guide,Pillar page,Informational,Informational,text
eap cyber security,140,Cybersecurity Practices,EAP Cybersecurity Overview,Understanding EAP Cybersecurity,Pillar page,Informational,Informational,text
exposure assessment,170,Risk Management,Exposure Assessment Solutions,Understanding Exposure Assessment Platforms,Pillar page,Informational,Informational,text
information technology risk management,320,Risk Management,Cybersecurity Risk Management,IT Risk Management Best Practices,Supporting,Informational,Informational,text
infrastructure as code benefits,140,Cybersecurity Practices,Infrastructure as Code,Understanding Infrastructure As Code,Pillar page,Informational,Informational,text
it asset management process,260,Risk Management,IT Asset Management,Understanding IT Asset Management,Pillar page,Mixed,Informational,text
itam meaning,210,Risk Management,IT Asset Management,What Is ITAM?,Supporting,Informational,Informational,text
itams,880,Risk Management,IT Asset Management,Exploring ITAM Systems,Supporting,Informational,Informational,text
managed it security services providers,880,Cybersecurity Services,Managed Security Solutions,Expert Managed IT Services,Pillar page,Commercial,Commercial,text
managed soc pricing,170,Cybersecurity Services,SOC as a Service,Exploring Managed SOC Services,Pillar page,Commercial,Commercial,text
managed soc providers,480,Cybersecurity Services,SOC as a Service,Exploring Managed SOC Services,Pillar page,Commercial,Commercial,text
network access control system,260,Security Management,Network Access Control,Understanding Network Access Control Solutions,Pillar page,Commercial,Commercial,text
network security meaning,140,Cybersecurity Services,Network Security Solutions,Understanding Network Security Concepts,Pillar page,Informational,Informational,text
pci compliance solutions,720,Compliance and Governance,PCI Compliance Solutions,PCI Compliance Solutions Overview,Pillar page,Transactional,Transactional,text
prevention of ddos,880,Threat Management,Denial of Service Attacks,Effective DDoS Prevention Strategies,Supporting,Informational,Informational,text
server patching,210,Threat Management,Patch Management Strategies,Effective Server Patching Strategies,Supporting,Transactional,Transactional,text
soc 2 compliance software,480,Compliance and Governance,Cybersecurity Compliance Solutions,Understanding SOC 2 Compliance,Pillar page,Mixed,Transactional,text
third party compliance,170,Risk Management,Third Party Risk Management,Navigating Third Party Compliance,Supporting,Informational,Informational,text
what does mfa mean,480,Security Management,MFA Definition,Understanding MFA Meaning,Pillar page,Informational,Informational,text
why is zero trust important,140,Security Management,Zero Trust Security,Importance of Zero Trust Security,Supporting,Informational,Informational,text
network access controller,90,Security Management,Network Access Control,Understanding Network Access Control Solutions,Pillar page,Commercial,Commercial,text
malware attack definition,90,Threat Management,Malware Attacks Overview,Defining Malware Attacks,Pillar page,Informational,Informational,text
idps systems,90,Cybersecurity Services,IDPS Overview,Understanding IDPS Systems,Pillar page,Mixed,Commercial,text
what is network traffic analysis,70,Threat Management,Network Traffic Analysis,Essential Network Traffic Analysis Tools,Supporting,Commercial,Informational,text
cyber regulations new york,70,Compliance and Governance,Cybersecurity Compliance Solutions,Overview of Cybersecurity Compliance Standards,Supporting,Informational,Informational,text
types of data masking,50,Cybersecurity Practices,Data Masking Overview,Understanding Data Masking Types,Supporting,Informational,Informational,text
what is worm gpt,50,Cybersecurity Practices,WormGPT Overview,What Is WormGPT?,Pillar page,Informational,Informational,text
third party cyber security risk management,50,Risk Management,Third Party Risk Management,Third Party Cyber Risk Solutions,Supporting,Commercial,Commercial,text
cloud identity access management,90,Security Management,Identity Access Management,Comprehensive IAM Tools Guide,Supporting,Commercial,Commercial,text
cyber physical systems security,90,Cybersecurity Practices,Cyber-Physical Systems,Understanding Cyber Physical Systems,Pillar page,Informational,Commercial,text
drp solution,70,Risk Management,DRP Overview,Exploring DRP Solutions Options,Supporting,Mixed,Transactional,text
it asset management framework,70,Risk Management,IT Asset Management,Understanding IT Asset Management,Pillar page,Mixed,Informational,text
network security perimeter,90,Cybersecurity Services,Network Security Solutions,Understanding Network Security Concepts,Pillar page,Informational,Informational,text
third party cyber risk assessment,90,Risk Management,Third Party Risk Management,Third Party Cyber Risk Solutions,Supporting,Commercial,Commercial,text
